orcid,rut,nombre,departamento
0000-0001-9384-4162,0171265002,Alejandra Paz Alvear Montecino,Antropología
0000-0003-1226-337X,0097022097,Andre Menard Poupin,Antropología
0000-0003-0063-4452,0122318974,Andrés Alberto Gómez Seguel,Antropología
0000-0002-2844-619X,0124861071,Andrés Rolando Troncoso Meléndez,Antropología
0000-0002-5801-403X,0167912540,Ariadna Alejandra Cifuentes Aguilar,Antropología
0000-0002-8188-2572,015638058K,Carla María Pinochet Cobos,Antropología
0000-0002-1757-6976,0144395158,Carolina Andrea Belmar Pantelis,Antropología
0000-0003-4289-6530,0136867016,Carolina Beatriz Franch Maggiolo,Antropología
,0068669537,Claudio Marcelo Cerda Videla,Antropología
0000-0002-5801-4232,0084042048,Claudio Vicente Millacura Salas,Antropología
,0161537993,Constanza María Torres Llanos,Antropología
0000-0001-7436-6142,0067435974,Daniel Osvaldo Quiroz Larrea,Antropología
0009-0000-0774-043X,0141319213,Daniella Jofré Poblete,Antropología
0000-0003-4087-6675,0163274418,Eduardo Enrique Saldías Vergara,Antropología
0000-0001-5059-7691,0090912321,Emiliano Nicolás Gissi Barbieri,Antropología
0000-0002-8083-9011,004281184K,Fernanda Falabella Gellona,Antropología
0009-0000-5427-0565,0116253399,Flora Vilches Vega,Antropología
0000-0003-3590-1629,017085134K,Francisca Andrea Concha Celume,Antropología
0000-0002-5515-2699,0105938403,Francisco Dagoberto Osorio González,Antropología
0000-0002-7713-8230,0151256988,Francisco Javier Araos Leiva,Antropología
0000-0002-3376-8804,0084308994,Germán Raúl Manríquez Soto,Antropología
0009-0003-4015-0513,0267956758,Greta Marilyn Rodriguez de Arroyo,Antropología
0000-0002-9331-2403,0091297612,Héctor Freddy Morales Morgado,Antropología
0000-0001-7740-2559,007569928K,Jorge Antonio Razeto Migliaro,Antropología
,0071923665,Juan Miguel Le-Bert Montaldo,Antropología
0000-0003-1502-581X,025606944K,Kornelius Florian Kupczik,Antropología
,0063763268,María Antonieta de Lourdes Benavente Aninat,Antropología
0009-0005-5208-0465,0083694254,María Elena Acuña Moenne,Antropología
0000-0003-4048-5359,0069249698,María Isabel Cartajena Fasting,Antropología
0000-0003-2337-7188,0083578793,María Lorena Sanhueza Riquelme,Antropología
0000-0002-4023-2389,0147301383,María Sol Anigstein,Antropología
0000-0002-6158-2433,0097499195,Mauricio Iván Uribe Rodríguez,Antropología
0000-0002-8217-9950,0104428169,Mauricio Leonardo Moraga Vergara,Antropología
0000-0001-6516-5314,0134424168,Michelle Virginia de Saint Pierre Barrera,Antropología
0000-0003-4096-4384,0161166758,Nicole Paulina Fuenzalida Bahamondes,Antropología
0000-0002-8706-2348,0135507822,Nicolás Emilio Lira San Martín,Antropología
0000-0002-2453-6876,006282381K,Nolda Patricia Vargas Casanova,Antropología
0000-0003-1649-8512,0058370223,Norman Marcelo Arnold Cathalifaud,Antropología
0000-0001-5385-290X,0153987203,Pablo Mendez-Quiros Aranda,Antropología
0000-0002-2042-6733,0140455563,Pamela Francisca Jorquera Álvarez,Antropología
0000-0001-8728-3805,0094949246,Patricio Felipe de Souza Herreros,Antropología
0000-0002-6438-3712,009408038K,Paulina Isabel Osorio Parraguez,Antropología
0000-0002-3056-0936,0134718285,Rodrigo Eduardo Retamal Yermani,Antropología
0000-0003-0265-5249,0144890329,Ruth Patricia Ayala Rocabado,Antropología
,006599819K,Sonia Cristina Montecino Aguirre,Antropología
,016623185K,Camila Andrea Barrios Morales,Educación
0000-0001-8724-8700,0139064119,Camila Francisca Marchant Fernández,Educación
,0077440828,Carolina Nicole Grellet Bertero,Educación
0000-0002-5006-1616,0094615658,Carolina Vivian Aroca Toloza,Educación
0000-0001-8318-675X,0119739586,Christian Esteban Miranda Jaña,Educación
,0234619918,Claudia Marcela Carrillo Sanchez,Educación
0000-0001-7174-0100,0083227842,Cynthia Yael Adlerstein Grimberg,Educación
0000-0002-1023-8915,0105453558,Daniel Fernando Johnson Mardones,Educación
0000-0003-2118-9159,0156442844,Daniela Alejandra Figueroa Moya,Educación
0000-0001-7401-3283,0139555384,Daniela Olivia Puentes Chávez,Educación
0000-0002-7974-3856,0066162397,Eduardo Juan Aníbal Hamuy Pinto,Educación
0000-0002-1054-5069,0144069242,Eric Guillermo Carafi Ávalos,Educación
0000-0002-7818-5653 ; 0000-0001-6232-3276,0101060527,Erika Viviana del Carmen Soto Aranda,Educación
0000-0001-5763-183X,0101461718,Fabiola Valeska Maldonado García,Educación
0000-0002-9867-2782,0107190066,Hugo Torres Contreras,Educación
0000-0002-1269-8827,006965357K,Jaime Hernán Sánchez Ilabaca,Educación
0000-0001-5822-9113,0048858201,Jorge Arturo Vergara Estévez,Educación
0000-0003-0398-7819,0139050320,Jorge Fabián Cabaluz Ducasse,Educación
,016476897K,Kristel Marcel Spiess Gómez,Educación
0000-0003-4923-0838,0064332295,Manuel Isaías Silva Águila,Educación
0000-0001-9108-3347,0105559097,Marcela Eliana Betancourt Sáez,Educación
0000-0003-0356-6109,0103639077,Marcelo Rodrigo Pérez Pérez,Educación
0000-0002-7631-9179,0143309479,María Loreto Mora Olate,Educación
0000-0001-6775-813X,0083424656,Mónica Clara Manhey Moreno,Educación
0000-0003-3790-7397,0076457573,Pablo Alfonso López Alfaro,Educación
0000-0001-5893-8868,0091977796,Ricardo Antonio Abarca Alarcón,Educación
0000-0002-2294-1034,0143584585,Rodrigo Andrés Nanjari Miranda,Educación
,0102596331,Sandra Schellman Jaramillo,Educación
0000-0002-4559-3351,0101274284,Sergio Alejandro Toro Arévalo,Educación
0000-0002-7553-8791,0125238122,Susan Valeria Sanhueza Henríquez,Educación
0009-0007-4472-4149,0168721021,Valentina Andrea Ulloa Vigueras,Educación
0000-0001-8176-6195,0108457198,Valeria Modesta Herrera Fernández,Educación
0000-0003-2056-456X,0080696582,Verónica María Gallegos Araya,Educación
0009-0007-1214-9952,0091498014,Ximena Bernarda Azúa Ríos,Educación
0000-0002-7152-1415,0156399981,Camilo Eduardo Morales Retamal,Postgrado
0000-0001-6963-7809,0117376184,Cristian Iván Bellei Carvacho,Postgrado
0009-0009-2156-4941,0045030326,Abdulla Augusto Zagmutt Cahbar,Psicología
0000-0001-6269-291X,0031833612,Beatrice Ávalos Davidson,Psicología
0000-0003-1017-287X,0065821222,Carlos Ignacio Díaz Cánepa,Psicología
0000-0002-8160-5380,0132397546,Carolina Aurora Villagra Pincheira,Psicología
0000-0002-7252-6605,009968190K,Claudia Milena Capella Sepúlveda,Psicología
0000-0003-2302-0672,0116300109,Claudio Manuel Zamorano Díaz,Psicología
0000-0002-3282-6670,0081974705,Cristian Esteban Radiszcz Sotomayor,Psicología
0000-0002-3143-8502,0151295126,Daniel Andrés Miranda Fuenzalida,Psicología
0000-0003-0392-7031,0085130927,Daniela Cecilia Thumala Dockendorff,Psicología
0009-0001-1446-6958,0155096772,Danilo Esteban Sanhueza Órdenes,Psicología
0000-0002-6168-0877,0087574105,Decio Alberto Mettifogo Guerrero,Psicología
,0051249291,Elías Salvador Escaff Silva,Psicología
0000-0001-6711-8538,0159368084,Esteban Estefan Encina Zúñiga,Psicología
0000-0002-5169-8133,0264280311,Felipe Ernesto Parrado Corredor,Psicología
0000-0003-4807-6904,0103227283,Flor Enelia Quiroga Ortega,Psicología
0000-0002-8388-3173,0156386618,Francisca Sofía Pérez Cortés,Psicología
,008752602K,Francisco Javier Marro Ortiz,Psicología
0000-0003-3905-9520,0058909521,Germán Sergio Rozas Ossandón,Psicología
0000-0002-3732-4602,0120056271,Gloria Beatriz Zavala Villalón,Psicología
0000-0001-6975-3789,014619480K,Gonzalo Javier Míguez Cavieres,Psicología
0000-0002-3298-6877,0159945766,Gonzalo Renato Quintana Zunino,Psicología
0000-0002-0400-4709,0120107674,Ignacio Andrés Gallardo Navarro,Psicología
0000-0003-1658-2554,0074240674,Irma Ester Palma Manríquez,Psicología
0000-0001-6795-2573,0069728561,Isabel Piper Shafir,Psicología
0000-0003-1995-3947,0130375812,Ivette González Sarkis,Psicología
0000-0003-1283-5710,0173151675,Javiera Esperanza Rosell Cisternas,Psicología
0000-0002-2565-3177,0133434852,Jenniffer Katherine Miranda Miranda,Psicología
0000-0002-5562-2590,0146199267,Jesus Maria Redondo Rojo,Psicología
0009-0003-9784-3089,0132861420,José Ignacio Salazar Azócar,Psicología
0009-0001-0675-8598,0136711946,José Luis Rossi Mery,Psicología
0000-0002-9081-0503,0100440121,Juan Alejandro González López,Psicología
0000-0001-7157-0658,0092136531,Juan Enrique Wilson Alcalde,Psicología
0009-0004-0700-7210,0057467576,Juan Orlando Yáñez Montecinos,Psicología
0000-0003-0837-3699,0103770750,Loreto Evelyn Leiva Bahamondes,Psicología
0000-0002-8219-9476,0070445956,Luis Arturo Alvarado Paiva,Psicología
0000-0001-7598-4751,0153980411,Marcela Alejandra Quiñones Herrera,Psicología
,0079310727,Marcial Ernesto Beltrami Boisset,Psicología
0009-0007-0124-2502,0154064354,Margarita María Doralisa Bórquez Quintas,Psicología
,0128782834,Marianella Soledad Abarzúa Cubillos,Psicología
0000-0003-2459-3042,0136884522,Mario Arturo Laborda Rojas,Psicología
0000-0003-4824-5659,0094949270,María Isabel Andrea Salinas Chaud,Psicología
0000-0002-1874-9031,0125849156,María José Reyes Andreani,Psicología
0000-0002-0595-2989,0127763542,María Paulina Castro Torres,Psicología
0000-0002-1295-2936,0124748992,María Soledad Ruiz Jabbaz,Psicología
0000-0002-1078-7834,0287529503,Matias Serafini,Psicología
0000-0001-9850-9988,0090345877,Matías Federico Marchant Reyes,Psicología
0000-0002-8288-2988,0124547768,Mauricio Andrés López Cruz,Psicología
0000-0003-0399-6053,0127973091,Michele Dufey Domínguez,Psicología
0000-0003-2413-7514,0139626222,Pablo Alberto Herrera Salinas,Psicología
0000-0002-2069-1414,0153127352,Pablo Andrés Reyes Pérez,Psicología
0009-0006-5464-8349,0130684394,Pablo Eduardo Cabrera Pérez,Psicología
0000-0001-9921-5551,0068711495,Pablo Valdivieso Tocornal,Psicología
0009-0009-5185-1060,0124707706,Paula Andrea Vergara Henríquez,Psicología
0000-0003-2175-5835,0135500054,Paulina Contreras Leiva,Psicología
,0041811900,Regulo Armando Rafael Campos Santelices,Psicología
0000-0001-9956-0312,0122475832,Roberto Andrés Fernández Droguett,Psicología
0000-0002-8107-273X,008970247K,Roberto Eduardo Aceituno Morales,Psicología
0000-0003-0366-5553,0086394413,Rodolfo Jorge Patricio Sapiains Arrué,Psicología
0000-0002-0122-7448,0130473598,Rodrigo Antonio Quiroz Saavedra,Psicología
0000-0001-6713-0166,0096646569,Rodrigo Carlos Cornejo Chávez,Psicología
0000-0001-6846-0976,0093069064,Rodrigo Edgardo Sánchez Edmonson,Psicología
0000-0002-2143-8242,007212152K,Roxana Antonina Cristal Pey Tumanoff,Psicología
0000-0001-7867-6447,0093089146,Sonia Pérez Tello,Psicología
0000-0001-6954-8136,0090613502,Svenska Arensburg Castelli,Psicología
0000-0002-7761-0953,0104087256,Vanetza Estela Quezada Scholz,Psicología
0009-0006-1611-037X,0050144585,Víctor Francisco Molina Bahamonde,Psicología
,0105364180,Víctor Hugo Bernardino Arancibia Labarca,Psicología
0000-0002-3682-9043,0122653463,Andrea Marcela Greibe Kohn,Sociología
0000-0003-0584-7705,0144486218,Andrea Peroni,Sociología
0000-0002-5427-3819,0092153886,Bernardo Francisco Amigo Latorre,Sociología
0000-0002-6357-3469,0166560780,Camila Patricia Moyano Davila,Sociología
0000-0003-2102-6966,0156314692,Camilo Andrés Sembler Reyes,Sociología
0000-0002-5586-8961,0149102892,Carolina Elizabeth Ramírez Cabrera,Sociología
0000-0002-0365-5526,0099800682,Catalina Arteaga Aguirre,Sociología
0000-0001-7855-4300,0088927222,Claudio Orlando Duarte Quapper,Sociología
,0128518797,Daniel Enrique Chernilo Steiner,Sociología
0000-0003-3145-5713,0138309479,Darío Ignacio Montero de Caso,Sociología
0000-0001-9297-3480,0146301657,Emmanuelle Barozet,Sociología
0000-0002-7772-3544,0145486009,Fernando Andrés Campos Medina,Sociología
0000-0002-0691-5231,0150953863,Giorgio Davide Boccardo Bosoni,Sociología
,0048144195,Helia Margarita Henríquez Riquelme,Sociología
0000-0003-1265-7854,010612714K,Juan Carlos Castillo Valenzuela,Sociología
0009-0009-1869-4702,0104499252,Juan Enrique Opazo Marmentini,Sociología
0000-0003-2443-3858,0153637067,Julieta Carolina Palma Palma,Sociología
0000-0002-2370-6909,0139262816,Karina Isabel Navarro Rodríguez,Sociología
0000-0002-7062-675X,0045966968,Manuel Antonio Eliseo Garretón Merino,Sociología
,0073412854,Manuel Enrique Canales Cerón,Sociología
0000-0001-8211-1457,0112256865,Marcela Patricia Ferrer Lues,Sociología
0000-0001-6355-2396,0125558992,Marisol Yazmín Ximena Facuse Muñoz,Sociología
0000-0003-2870-212X,006064585K,María Emilia Tijoux Merino,Sociología
0000-0002-8108-6154,0145337070,Mauricio Esteban Salgado Oyarce,Sociología
0000-0002-3179-3512,0104433537,Miguel Previsto Urrutia Fernández,Sociología
0000-0002-8044-0895,0157763415,Nicolás Salvador Gregorio Angelcos Gutiérrez,Sociología
0000-0001-6945-5327,0119971810,Octavio Alejandro Avendaño Pavez,Sociología
0009-0000-3080-0621,0098430806,Omar Alessandro Aguilar Novoa,Sociología
0000-0002-0410-0725,0157608428,Pablo Alonso Pérez Ahumada,Sociología
0000-0003-3431-3307,0099911107,Pablo Antonio Cottet Soto,Sociología
0000-0002-9882-2103,0124272769,Rodrigo Andrés Figueroa Valenzuela,Sociología
0000-0003-0903-1789,0114769878,Rodrigo Anselmo Asun Inostroza,Sociología
,0041316438,Rodrigo Baño Ahumada,Sociología
0000-0002-4770-8570,0054472900,Silvia Ana María Lamadrid Álvarez,Sociología
0000-0001-5053-0198,0141321234,Sofía Catalina Donoso Knaudt,Sociología
0000-0002-8598-8817,0134379987,Alejandro Enrique Marambio Tapia,Trabajo social
0000-0001-6901-0846,0102838270,Anahi Verónica Josefina Urquiza Gómez,Trabajo social
0000-0003-4150-032X,0109856746,Carlos Alejandro Andrade Guzmán,Trabajo social
0000-0001-6301-7609,0109168432,Caterine Joanna Galaz Valderrama,Trabajo social
0000-0002-1462-504X,0264317460,Claudia Campillo Toledano,Trabajo social
0000-0002-8282-1122,0130529828,Gabriela Alejandra Azócar de la Cruz,Trabajo social
0000-0003-4582-0507,0135462888,Gianinna Inés Muñoz Arce,Trabajo social
0000-0001-6800-3599,013687845K,Gonzalo Ignacio Durán Sanhueza,Trabajo social
0000-0003-3016-042X,0147333196,Hillary Carroll Hiner,Trabajo social
0000-0003-2499-2430,0135062200,Hugo Rodrigo Cadenas Ramos,Trabajo social
0000-0001-8080-4049,0159355411,Javiera Andrea Cubillos Almendra,Trabajo social
0000-0002-0648-8217,0154246061,Johanna de Lourdes Madrigal Calderón,Trabajo social
0000-0002-1957-080X,0286123465,Juan Ignacio Lozano,Trabajo social
0000-0002-9197-3611,0179495899,Lelya Elena Troncoso Pérez,Trabajo social
0000-0002-5959-9439,0139050150,Lorena Andrea Pérez Roa,Trabajo social
0000-0002-9673-5727,0086664917,Mahia Saracostti Schwartzman,Trabajo social
0000-0002-0999-4983,0105376529,María Antonieta Urquieta Álvarez,Trabajo social
0000-0002-4635-9380,0087212831,María Gabriela Rubilar Donoso,Trabajo social
0000-0002-9036-3766,0109059919,Paula Francisca Vidal Molina,Trabajo social
0000-0001-6398-5204,0175362193,Tal Reininger Pollak,Trabajo social
0000-0002-2974-9678,0072771273,Teresita Elizabeth del Carmen Matus Sepúlveda,Trabajo social
0000-0002-1824-464X,0144915259,Valentina Paz Abufhele Milad,Trabajo social
0000-0002-1257-009X,0157893734,Víctor Alfredo Orellana Bravo,Trabajo social