revista_id,revista,issn_canonico
REV-0001,Social-ecological Systems of Latin America: Complexities and Challenges,00000978
REV-0002,ACTA PSYCHOLOGICA,00016918; 18736297
REV-0003,Acta Tropica,0001706X
REV-0004,AMERICAN BEHAVIORAL SCIENTIST,00027642; 15523381
REV-0005,American Journal of Physical Anthropology,00029483; 10968644
REV-0006,ANTHROPOLOGISCHER ANZEIGER,00035548
REV-0007,ANTIQUITY,0003598X; 17451744
REV-0008,Applied Economics,00036846; 14664283
REV-0009,ARCHAEOMETRY,0003813X; 14754754
REV-0010,Archives of Sexual Behavior,00040002; 15732800
REV-0011,ARCHIVOS LATINOAMERICANOS DE NUTRICION,00040622
REV-0012,JOURNAL OF BEHAVIOR THERAPY AND EXPERIMENTAL PSYCHIATRY,00057916; 18737943
REV-0013,The British Journal of Sociology,00071315; 14684446
REV-0014,Child Development,00093920; 14678624
REV-0015,Child Psychiatry & Human Development,0009398X; 15733327
REV-0016,Comprehensive Psychiatry,0010440X
REV-0017,CONTRACEPTION,00107824; 18790518
REV-0018,Philosophy & Social Criticism,00112860; 01914537; 1461734X
REV-0019,CURRENT SOCIOLOGY,00113921; 14617064
REV-0020,DADOS-REVISTA DE CIENCIAS SOCIAIS,00115258; 16784588
REV-0021,Economic Botany,00130001; 18749364
REV-0022,EDUCATIONAL REVIEW,00131911; 14653397
REV-0023,Futures,00163287; 18736378
REV-0024,Higher Education,00181560; 1573174X
REV-0025,Homme et la Societe,00184306; 21010226
REV-0026,HOMO-JOURNAL OF COMPARATIVE HUMAN BIOLOGY,0018442X; 16181301
REV-0027,Hormones and Behavior,0018506X
REV-0028,INTERNATIONAL JOURNAL OF COMPARATIVE SOCIOLOGY,00207152; 17452554
REV-0029,INTERNATIONAL JOURNAL OF EARLY CHILDHOOD,00207187
REV-0030,International Journal of Psychology,00207594; 1464066X
REV-0031,INTERNATIONAL JOURNAL OF SOCIOLOGY,00207659; 15579336
REV-0032,INTERNATIONAL LABOUR REVIEW,00207780; 1564913X
REV-0033,International Social Work,00208728; 14617234
REV-0034,Journal of Anatomy,00218782; 14697580
REV-0035,Journal of Applied Social Psychology,00219029; 15591816
REV-0036,JOURNAL OF BIOSOCIAL SCIENCE,00219320; 14697599
REV-0037,JOURNAL OF CLINICAL PSYCHOLOGY,00219762; 10974679
REV-0038,JOURNAL OF CONTEMPORARY PSYCHOTHERAPY,00220116; 15733564
REV-0039,The Journal of Educational Research,00220671; 19400675
REV-0040,JOURNAL OF GENERAL PSYCHOLOGY,00221309; 19400888
REV-0041,JOURNAL OF INDUSTRIAL RELATIONS,00221856; 14729296
REV-0042,Journal of Latin American Studies,0022216X; 1469767X
REV-0043,Journal of Psychiatric Research,00223956
REV-0044,Journal of Religion and Health,00224197; 15736571
REV-0045,The Journal of Sex Research,00224499; 15598519
REV-0046,Journal of Social History,00224529; 15271897
REV-0047,The Journal of Social Psychology,00224545; 19401183
REV-0048,LATIN AMERICAN RESEARCH REVIEW,00238791; 15424278
REV-0049,LEARNING AND MOTIVATION,00239690; 10959122
REV-0050,MINERVA,00264695; 15731871
REV-0051,Boletín Museo Nacional de Historia Natural,00273910; 0719935X
REV-0052,Proceedings of the National Academy of Sciences,00278424; 10916490
REV-0053,NATURE,00280836; 14764687
REV-0054,Proceedings of the Nutrition Society,00296651; 14752719
REV-0055,Plant Physiology,00320889; 15322548
REV-0056,Psychological Reports,00332941; 1558691X
REV-0057,PSYCHOLOGY IN THE SCHOOLS,00333085; 15206807
REV-0058,Psychopharmacology,00333158; 14322072
REV-0059,Public Health,00333506
REV-0060,RLA-REVISTA DE LINGUISTICA TEORICA Y APLICADA,0033698X; 07184883
REV-0061,RADIOCARBON,00338222; 19455755
REV-0062,REVISTA CHILENA DE NEURO-PSIQUIATRIA,00347388; 07179227
REV-0063,INTERAMERICAN JOURNAL OF PSYCHOLOGY,00349690
REV-0064,REVISTA INTERNACIONAL DE SOCIOLOGIA,00349712
REV-0065,REVISTA MEDICA DE CHILE,00349887; 07176163
REV-0066,School Science and Mathematics,00366803; 19498594
REV-0067,Sociology,00380385; 14698684
REV-0068,SOCIAL SCIENCE QUARTERLY,00384941; 15406237
REV-0069,Studi Emigrazione,00392936
REV-0070,STUDIA PSYCHOLOGICA,00393320; 25858815
REV-0071,Studies in Comparative International Development,00393606; 19366167
REV-0072,Urban Studies,00420980; 1360063X
REV-0073,Youth &amp; Society,0044118X; 15528499
REV-0074,BRITISH JOURNAL OF SOCIAL WORK,00453102; 1468263X
REV-0075,European Journal of Social Psychology,00462772; 10990992
REV-0076,Surveys in Geophysics,00465763; 01693298; 15730956; 22147128
REV-0077,Journal of Human Evolution,00472484; 10958606
REV-0078,Revista chilena de literatura,00487651; 07182295
REV-0079,SCIENCE OF THE TOTAL ENVIRONMENT,00489697; 18791026
REV-0080,Social Science Research,0049089X
REV-0081,SOCIOLOGICAL METHODS & RESEARCH,00491241; 15528294
REV-0082,ANTIPODE,00664812; 14678330
REV-0083,ESTUDIOS FILOLOGICOS,00711713; 07176171
REV-0084,HISTORIA-SANTIAGO,00732435; 07177194
REV-0085,NAWPA PACHA,00776297; 20516207
REV-0086,JOURNAL OF COMMUNITY PSYCHOLOGY,00904392; 15206629
REV-0087,American Journal of Community Psychology,00910562; 15732770
REV-0088,The International Journal of Aging and Human Development,00914150; 15413535
REV-0089,Theory &amp; Research in Social Education,00933104; 21631654
REV-0090,JOURNAL OF FIELD ARCHAEOLOGY,00934690; 20424582
REV-0091,Contemporary Sociology A Journal of Reviews,00943061; 19398638
REV-0092,Latin American Perspectives,0094582X; 1552678X
REV-0093,The Review of Education Pedagogy & Cultural Studies,00985597; 10714413; 15563022
REV-0094,Cadernos de Pesquisa,01001574; 19805314
REV-0095,Educação & Realidade,01003143; 21756236
REV-0096,Trans/Form/Ação,01013173; 1980539X
REV-0097,Cadernos CEDES,01013262
REV-0098,Revista Brasileira de Ciências do Esporte,01013289
REV-0099,EDUCACAO E SOCIEDADE,01017330; 16784626
REV-0100,Revista de Arqueologia,01020420
REV-0101,CADERNOS DE SAUDE PUBLICA,0102311X; 16784464
REV-0102,Anuário Antropológico,01024302; 2357738X
REV-0103,EDUCACAO EM REVISTA,01024698; 19826621
REV-0104,Educação e Filosofia,01026801; 1982596X
REV-0105,Revista Brasileira de Ciencias Sociais,01026909; 18069053
REV-0106,Sociedade e Estado,01026992; 19805462
REV-0107,Psicologia e Sociedade,01027182; 18070310
REV-0108,Saúde em Debate,01031104; 23582898
REV-0109,TEMPO SOCIAL,01032070; 18094554
REV-0110,Bolema: Boletim de Educação Matemática,0103636X; 19804415
REV-0111,Boletim do Museu de Biologia Mello Leitão,01039121; 23189444
REV-0112,Revista do Museu de Arqueologia e Etnologia,01039709; 24481750
REV-0113,Revista Estudos Feministas,0104026X; 18059584
REV-0114,SAUDE E SOCIEDADE,01041290; 19840470
REV-0115,Revista Temas em Educação,01042777; 23597003
REV-0116,EDUCAR EM REVISTA,01044060; 19840411
REV-0117,Plural,01046721; 21768099
REV-0118,Revista da FAEEBA - Educação e Contemporaneidade,01047043; 23580194
REV-0119,Horizontes Antropológicos,01047183; 18069983
REV-0120,Movimento (ESEFID/UFRGS),0104754X; 19828918
REV-0121,Cadernos de Linguagem e Sociedade,01049712; 21794790
REV-0122,Revista Latinoamericana de Psicología,01200534
REV-0123,Revista Colombiana de Educación,01203916; 23230134
REV-0124,Universitas Humanistica,01204807; 20112734
REV-0125,Análisis,01208454
REV-0126,Revista Estomatología,01213873; 22487220; 23462892
REV-0127,ESTUDIOS POLITICOS,01215167; 24628433
REV-0128,COLOMBIA INTERNACIONAL,01215612
REV-0129,Ánfora,01216538; 22486941
REV-0130,Nomadas,01217550
REV-0131,Prospectiva,01221213; 2389993X
REV-0132,CUADERNOS DE DESARROLLO RURAL,01221450
REV-0133,Cultura y Droga,01228455; 25907840
REV-0134,Educación y Educadores,01231294; 20275358
REV-0135,TERRITORIOS,01238418; 22157484
REV-0136,REVISTA DE ESTUDIOS SOCIALES,0123885X; 19005180
REV-0137,ACTA COLOMBIANA DE PSICOLOGIA,01239155; 19099711
REV-0138,Revista de Salud Pública,01240064; 25393596
REV-0139,Paideia Surcolombiana,01240307; 25389572
REV-0140,Desafíos,01244035; 21455112
REV-0141,BITACORA URBANO TERRITORIAL,01247913; 2027145X
REV-0142,JOURNAL OF ARID ENVIRONMENTS,01401963; 1095922X
REV-0143,FEMINIST REVIEW,01417789; 14664380
REV-0144,Ethnic and Racial Studies,01419870; 14664356
REV-0145,BRITISH JOURNAL OF SOCIOLOGY OF EDUCATION,01425692; 14653346
REV-0146,School Psychology International,01430343; 14617374
REV-0147,ECONOMIC AND INDUSTRIAL DEMOCRACY,0143831X; 14617099
REV-0148,Social Policy &amp; Administration,01445596; 14679515
REV-0149,AGEING & SOCIETY,0144686X; 14691779
REV-0150,CHILD ABUSE & NEGLECT,01452134; 18737757
REV-0151,BEHAVIOR MODIFICATION,01454455; 15524167
REV-0152,MEDICAL ANTHROPOLOGY,01459740; 15455882
REV-0153,Motivation and Emotion,01467239; 15736644
REV-0154,Journal of Pediatric Psychology,01468693; 1465735X
REV-0155,Journal of Social Service Research,01488376; 15407314
REV-0156,NACLA Report on the Americas,01491598; 10585397; 10714839; 24712620
REV-0157,Evaluation and Program Planning,01497189
REV-0158,DISCOURSE-STUDIES IN THE CULTURAL POLITICS OF EDUCATION,01596306; 14693739
REV-0159,INTERNATIONAL JOURNAL OF LAW AND PSYCHIATRY,01602527; 18736386
REV-0160,Political Psychology,0162895X; 14679221
REV-0161,"Research in Social Movements, Conflicts and Change",0163786X
REV-0162,Infant Mental Health Journal,01639641; 10970355
REV-0163,CULTURE MEDICINE AND PSYCHIATRY,0165005X; 1573076X
REV-0164,Journal of Affective Disorders,01650327
REV-0165,Archives of Gerontology and Geriatrics,01674943
REV-0166,APPLIED ANIMAL BEHAVIOUR SCIENCE,01681591; 18729045
REV-0167,HISTORICAL SOCIAL RESEARCH-HISTORISCHE SOZIALFORSCHUNG,01726404
REV-0168,REVISTA MEXICANA DE CIENCIAS POLITICAS Y SOCIALES,01851918
REV-0169,Perfiles Educativos,01852698; 24486167
REV-0170,Estudios Sociologicos,01854186; 24486442
REV-0171,REVISTA MEXICANA DE PSICOLOGIA,01856073
REV-0172,Acta Sociológica,01866028; 24484938
REV-0173,ESTUDIOS DEMOGRAFICOS Y URBANOS,01867210; 24486515
REV-0174,SOCIOLOGICA (MEXICO),01870173; 20078358
REV-0175,"Investigación Bibliotecológica: archivonomía, bibliotecología e información",0187358X; 24488321
REV-0176,ESTUDIOS FRONTERIZOS,01876961; 23959134
REV-0177,Revista Mexicana de Sociologia,01882503; 25940651
REV-0178,Revista de Arqueología Americana,01883631; 26634066
REV-0179,PERFILES LATINOAMERICANOS,01887653; 23094982
REV-0180,CHILDREN AND YOUTH SERVICES REVIEW,01907409; 18737765
REV-0181,Journal of Family Issues,0192513X; 15525481
REV-0182,Appetite,01956663; 10958304
REV-0183,Family Relations,01976664; 17413729
REV-0184,POPULATION AND ENVIRONMENT,01990039; 15737810
REV-0185,Siglo Cero,02101696; 25300350
REV-0186,PAPERS-REVISTA DE SOCIOLOGIA,02102862; 20139004
REV-0187,JOURNAL FOR THE STUDY OF EDUCATION AND DEVELOPMENT,02103702; 15784126
REV-0188,STUDIES IN PSYCHOLOGY,02109395; 15793699
REV-0189,QUADERNS DE PSICOLOGIA,02113481; 20144520
REV-0190,ENRAHONAR-QUADERNS DE FILOSOFIA,0211402X; 2014881X
REV-0191,Quaderns de l'Institut Català d'Antropologia,02115557; 23854472
REV-0192,DEBATS-REVISTA DE CULTURA PODER I SOCIETAT,02120585; 25303074
REV-0193,NUTRICION HOSPITALARIA,02121611; 16995198
REV-0194,RIE-REVISTA DE INVESTIGACION EDUCATIVA,02124068; 19899106
REV-0195,ANALES DE PSICOLOGIA,02129728; 16952294
REV-0196,INTERNATIONAL JOURNAL OF SOCIAL PSYCHOLOGY,02134748; 15793680
REV-0197,GACETA SANITARIA,02139111; 15781283
REV-0198,CUADERNOS DE TRABAJO SOCIAL,02140314; 19888295
REV-0199,PSICOTHEMA,02149915; 1886144X
REV-0200,Series on Knots and Everything,02199769
REV-0201,Dialogue,02428962; 19618662
REV-0202,Staps,0247106X; 17821568
REV-0203,EURE-REVISTA LATINOAMERICANA DE ESTUDIOS URBANO REGIONALES,02507161; 07176236
REV-0204,CEPAL review,02512920; 16840348
REV-0205,Revista de la CEPAL,02520257; 16820908
REV-0206,Apuntes: Revista de Ciencias Sociales,02521865; 22231757
REV-0207,Revista Ciencias Sociales,02528681; 29608163
REV-0208,REVISTA CRITICA DE CIENCIAS SOCIAIS,02541106
REV-0209,REVISTA DE PSICOLOGIA PUCP,02549247; 22233733
REV-0210,Journal fur Entwicklungspolitik,02582384
REV-0211,CRITICAL SOCIAL POLICY,02610183; 1461703X
REV-0212,BULLETIN OF LATIN AMERICAN RESEARCH,02613050; 14709856
REV-0213,SOCIAL WORK EDUCATION,02615479; 14701227
REV-0214,Theory Culture & Society,02632764; 14603616
REV-0215,Journal of Social and Personal Relationships,02654075; 14603608
REV-0216,Research Papers in Education,02671522; 14701146
REV-0217,International Sociology,02685809; 14617242
REV-0218,The Journal of Early Adolescence,02724316; 15525449
REV-0219,AMERICAN JOURNAL OF PRIMATOLOGY,02752565; 10982345
REV-0220,International Journal of Eating Disorders,02763478; 1098108X
REV-0221,MOUNTAIN RESEARCH AND DEVELOPMENT,02764741; 19947151
REV-0222,RESEARCH IN SOCIAL STRATIFICATION AND MOBILITY,02765624
REV-0223,QUATERNARY SCIENCE REVIEWS,02773791
REV-0224,JOURNAL OF ANTHROPOLOGICAL ARCHAEOLOGY,02784165; 10902686
REV-0225,Multitudes,02920107; 17775841
REV-0226,RESOURCES POLICY,03014207; 18737641
REV-0227,COMMUNITY DENTISTRY AND ORAL EPIDEMIOLOGY,03015661; 16000528
REV-0228,Lecture Notes in Computer Science,03029743; 16113349
REV-0229,Bulletin de l’Institut français d’études andines,03037495; 20765827
REV-0230,SOCIAL INDICATORS RESEARCH,03038300; 15730921
REV-0231,BOSQUE,03048799; 07179200
REV-0232,Journal of Oral Rehabilitation,0305182X; 13652842
REV-0233,JOURNAL OF ARCHAEOLOGICAL SCIENCE,03054403; 10959238
REV-0234,WORLD DEVELOPMENT,0305750X
REV-0235,Compare A Journal of Comparative and International Education,03057925; 14693623
REV-0236,Psychoneuroendocrinology,03064530
REV-0237,STUDIES IN HIGHER EDUCATION,03075079; 1470174X
REV-0238,Marine Policy,0308597X; 18729460
REV-0239,International Journal of Urban and Regional Research,03091317; 14682427
REV-0240,Capital &amp; Class,03098168; 20410980
REV-0241,JOURNAL OF GEOGRAPHY IN HIGHER EDUCATION,03098265; 14661845
REV-0242,AUSTRALIAN ARCHAEOLOGY,03122417; 24700363
REV-0243,"RUNA, archivo para las ciencias del hombre",03251217; 18519628
REV-0244,INTERDISCIPLINARIA,03258203; 16687027
REV-0245,Comechingonia Revista de Arqueología,03267911; 22507728
REV-0246,ARQUEOLOGIA,03275159; 18538126
REV-0247,Vertex Revista Argentina de Psiquiatría,03276139; 2718904X
REV-0248,Papeles de Trabajo. Centro de Estudios Interdisciplinarios en Etnolingüística y Antropología Socio-Cultural,03276147; 18524508
REV-0249,REVISTA ARGENTINA DE CLINICA PSICOLOGICA,03276716
REV-0250,Quinto Sol,03292665; 18512879
REV-0251,EDUCATIONAL GERONTOLOGY,03601277; 15210472
REV-0252,Anales de la Universidad de Chile,03657779; 07178883
REV-0253,Revista chilena de pediatría,03704106
REV-0254,BEHAVIOURAL PROCESSES,03766357; 18728308
REV-0255,INTERCIENCIA,03781844
REV-0256,Revista Internacional del Trabajo,03785548; 15649148
REV-0257,Revue internationale du Travail,03785599; 15649121
REV-0258,Energy and Buildings,03787788
REV-0259,FORENSIC SCIENCE INTERNATIONAL,03790738; 18726283
REV-0260,REVISTA EDUCACION,03797082; 22152644
REV-0261,REVISTA DE GEOGRAFIA NORTE GRANDE,03798682; 07183402
REV-0262,Revista Colombiana de Antropologia,04866525
REV-0263,AISTHESIS,05683939; 07187181
REV-0264,Canadian Journal of Community Mental Health,07133936
REV-0265,ESTUDIOS INTERNACIONALES (SANTIAGO),07160240; 07193769
REV-0266,ESTUDIOS PEDAGOGICOS (VALDIVIA),0716050X; 07180705
REV-0267,ARQ,07160852; 07176996
REV-0268,ESTUDIOS ATACAMENOS,07160925; 07181043
REV-0269,Revista chilena de infectología,07161018; 07176341
REV-0270,Política. Revista de Ciencia Política,07161077; 07195338
REV-0271,Estudios Públicos,07161115; 07183089
REV-0272,CHUNGARA-REVISTA DE ANTROPOLOGIA CHILENA,07161182; 07177356
REV-0273,REVISTA DE CIENCIA POLITICA,07161417; 0718090X
REV-0274,AMBIENTE Y DESARROLLO,07161476
REV-0275,BOLETIN DEL MUSEO CHILENO DE ARTE PRECOLOMBINO,07161530; 07186894
REV-0276,REVISTA CHILENA DE NUTRICION,07161549; 07177518
REV-0277,REVISTA CUHSO,07161557; 07192789; 2452610X
REV-0278,CUADERNOS INFO,0716162X; 07178697; 07193661; 0719367X
REV-0279,Cuadernos de Historia,07161832; 07191243
REV-0280,Dialogo andino,07162278; 07192681
REV-0281,REVISTA MUSICAL CHILENA,07162790; 07176252
REV-0282,Revista de Derecho Económico,0716310X; 07197462
REV-0283,Revista Chilena de Antropología,07163312; 07191472
REV-0284,Comunicación y Medios,07163991; 07191529
REV-0285,ALPHA-REVISTA DE ARTES LETRAS Y FILOSOFIA,07164254; 07182201
REV-0286,UNIVERSUM-REVISTA DE HUMANIDADES Y CIENCIAS SOCIALES,0716498X; 07182376
REV-0287,Boletín de la Sociedad Chilena de Arqueología,07165730; 27357651
REV-0288,TERAPIA PSICOLOGICA,07166184; 07184808
REV-0289,Revista de Sociología,0716632X; 0719529X
REV-0290,Persona y Sociedad,0716730X; 07190883
REV-0291,Temas de educación.,07167423; 07198639
REV-0292,Revista de psicología,07168039; 07190581
REV-0293,REVISTA MEDICA CLINICA LAS CONDES,07168640
REV-0294,Horizonte de enfermeria,07168861; 07196946
REV-0295,Revista de Trabajo Social,07169736; 27357228
REV-0296,BIOLOGICAL RESEARCH,07169760; 07176287
REV-0297,Revista LIDER,07170165; 07195265
REV-0298,De Familias y Terapias,07170173; 28106172
REV-0299,Psykhe,07170297; 07182228
REV-0300,Revista de Humanidades,07170491; 2452445X
REV-0301,Pensamiento Educativo,07171013; 07190409
REV-0302,Revista Perspectivas: Notas sobre intervención y acción social,07171714; 0719661X
REV-0303,Revista de la Academia,07171846; 07196318
REV-0304,Revista de ciencias sociales.,07172257; 07183631
REV-0305,Foro Educacional,07172710; 07180772
REV-0306,Nomadías,07172761; 07190905
REV-0307,IUS ET PRAXIS,07172877; 07180012
REV-0308,REVISTA AUSTRAL DE CIENCIAS SOCIALES,07173202; 07181795
REV-0309,Revista Enfoques Educacionales,07173229; 27357279
REV-0310,Revista Chilena de Salud Pública,07173652; 07195281
REV-0311,URBANO,07173997; 07183607
REV-0312,CALIDAD EN LA EDUCACION,07174004; 07184565
REV-0313,Revista Chilena de Fonoaudiología,07174659; 07194692
REV-0314,Última Década,07174691; 07182236
REV-0315,Castalia - Revista de Psicología de la Academia,07174985; 07198051
REV-0316,REVISTA DE URBANISMO,07175051
REV-0317,CINTA DE MOEBIO,0717554X
REV-0318,ACTA BIOETHICA,07175906; 1726569X
REV-0319,Anales de Literatura Chilena,07176058; 07190913
REV-0320,Medwave,07176384
REV-0321,Polis (Santiago),07176554; 07186568
REV-0322,Estado Gobierno y Gestión Pública,07176759; 07178980
REV-0323,Revista de estudios y experiencias en educación,07176945; 07185162
REV-0324,PSICOPERSPECTIVAS,07177798; 07186924
REV-0325,Paulo Freire Revista de Pedagogía Crítica,07179065; 07198019
REV-0326,INTERNATIONAL JOURNAL OF MORPHOLOGY,07179502
REV-0327,MAGALLANIA,07180209; 07182244
REV-0328,CIENCIA & TRABAJO,07180306; 07182449
REV-0329,Atenea (Concepción),07180462
REV-0330,REVISTA MAD-REVISTA DEL MAGISTER EN ANALISIS SISTEMICO APLICADO A LA SOCIEDAD,07180527
REV-0331,REVISTA INVI,07181299; 07188358
REV-0332,AUS,0718204X; 07187262
REV-0333,Anuario de Derechos Humanos,07182058; 07182279
REV-0334,RChD creación y pensamiento,07182430; 0719837X; 07198426
REV-0335,SI SOMOS AMERICANOS-REVISTA DE ESTUDIOS TRANSFRONTERIZOS,07182910; 07190948
REV-0336,POLITICA CRIMINAL,07183399
REV-0337,CUADERNOS DE NEUROPSICOLOGIA-PANAMERICAN JOURNAL OF NEUROPSYCHOLOGY,07184123
REV-0338,Revista Liminales. Escritos sobre Psicología y Sociedad,07184166; 07197748
REV-0339,RUMBOS TS Un Espacio Crítico para la Reflexión en Ciencias Sociales,07184182; 07197721
REV-0340,CULTURA Y RELIGION,07184727; 07185472
REV-0341,Hermenéutica intercultural,07184980; 07196504
REV-0342,ESTUDIOS AVANZADOS,07185014; 07185022
REV-0343,Izquierdas,07185049
REV-0344,ENCRUCIJADA AMERICANA,07185766; 07193432
REV-0345,Pléyade,0718655X; 07193696
REV-0346,Neuma,07187017; 07195389
REV-0347,Revista latinoamericana de educación inclusiva,07187378
REV-0348,Salud & Sociedad,07187475
REV-0349,Disena,07188447
REV-0350,Revista Chilena de Derecho y Ciencia Política,07189389; 07192150
REV-0351,Cuaderno de Trabajo Social,0718946X
REV-0352,PERSPECTIVA EDUCACIONAL,07189729
REV-0353,Revista Punto Género,07190417; 27357473
REV-0354,Historia 396,07190719; 07197969
REV-0355,Intervención,07191057; 24524751
REV-0356,Revista nuestramérica,07193092
REV-0357,Meridional. Revista Chilena de Estudios Latinoamericanos,07193734; 07194862
REV-0358,Investigación forense. Revista científica forense,07193815
REV-0359,Antropologías del Sur,07194498; 07195532
REV-0360,REVISTA INCLUSIONES,07194706
REV-0361,Economía y Política,07194714; 07194803
REV-0362,SOPHIA AUSTRAL,07195605
REV-0363,"Revista Infancia, Educación y Aprendizaje",07196202
REV-0364,Revista Estudios de Políticas Públicas,07196296
REV-0365,Cuadernos de teoría social.,07196415; 07196423
REV-0366,Revista Temas Sociológicos,0719644X; 07196458
REV-0367,Revista Electrónica de Trabajo Social. U. de Concepción. ,0719675X
REV-0368,Revista Educación las Américas,07197128
REV-0369,Revista Pensamiento y Acción Interdisciplinaria,07198078
REV-0370,Autoctonia Revista de Ciencias Sociales e Historia,07198213
REV-0371,Thesis Eleven,07255136; 14617455
REV-0372,Clinical Gerontologist,07317115; 15452301
REV-0373,Journal of Applied Gerontology,07334648; 15524523
REV-0374,Behavioral Neuroscience,07357044; 19390084
REV-0375,Earth Sciences History,0736623X; 19446187
REV-0376,International Journal of Educational Development,07380593; 18734871
REV-0377,World Policy Journal,07402775; 19360924
REV-0378,Journal of Assisted Reproduction and Genetics,07407769; 10580468; 15737330; 23313315
REV-0379,Computers in Human Behavior,07475632
REV-0380,Problèmes d Amérique latine,07651333; 19683898
REV-0381,ARCHIVES OF PUBLIC HEALTH,07787367; 20493258
REV-0382,Odontoestomatología,07970374; 16889339
REV-0383,Ciencias Sociales,07975538; 16884981
REV-0384,CUADERNOS DEL CLAEH-CENTRO LATINOAMERICANO DE ECONOMIA HUMANA,07976062; 23935979
REV-0385,ESPACIOS,07981015; 27390071
REV-0386,Revista de filosofía (Venezuela),07981171
REV-0387,Acta Paediatrica,08035253; 16512227
REV-0388,ROCK ART RESEARCH,08130426
REV-0389,AUSTRALIAN AND NEW ZEALAND JOURNAL OF FAMILY THERAPY,0814723X; 14678438
REV-0390,CANADIAN JOURNAL OF PROGRAM EVALUATION,08341516; 14967308
REV-0391,Varona. Revista Científico Metodológica,0864196X; 19928238
REV-0392,Etnográfica,08736561; 21822891
REV-0393,EX AEQUO,08745560; 21840385
REV-0394,Mineral Processing and Extractive Metallurgy Review,08827508; 15477401
REV-0395,GEOARCHAEOLOGY-AN INTERNATIONAL JOURNAL,08836353; 15206548
REV-0396,Sociological Forum,08848971; 15737861
REV-0397,Socialism and Democracy,08854300; 17452635
REV-0398,SOCIAL JUSTICE RESEARCH,08857466; 15736725
REV-0399,JOURNAL OF FAMILY VIOLENCE,08857482; 15732851
REV-0400,AFFILIA-FEMINIST INQUIRY IN SOCIAL WORK,08861099; 15523020
REV-0401,JOURNAL OF INTERPERSONAL VIOLENCE,08862605; 15526518
REV-0402,CRANIO-THE JOURNAL OF CRANIOMANDIBULAR & SLEEP PRACTICE,08869634; 21510903
REV-0403,Archives of Clinical Neuropsychology,08876177; 18735843
REV-0404,Journal of the American Academy of Child & Adolescent Psychiatry,08908567; 15275418
REV-0405,Historical Biology,08912963; 10292381
REV-0406,COASTAL MANAGEMENT,08920753; 15210421
REV-0407,The FASEB Journal,08926638; 15306860
REV-0408,NEUROPSYCHOLOGY,08944105; 19311559
REV-0409,JOURNAL OF TRAUMATIC STRESS,08949867; 15736598
REV-0410,Seismological Research Letters,08950695; 19382057
REV-0411,Critical Sociology,08969205; 15691632
REV-0412,Nutrition,08999007
REV-0413,NATURAL HAZARDS,0921030X; 15730840
REV-0414,School Effectiveness and School Improvement,09243453; 17445124
REV-0415,European Psychiatry,09249338; 17783585
REV-0416,Studies in Health Technology and Informatics,09269630
REV-0417,VEGETATION HISTORY AND ARCHAEOBOTANY,09396314; 16176278
REV-0418,Annals of Anatomy - Anatomischer Anzeiger,09409602
REV-0419,Zoology,09442006
REV-0420,International Journal of Science Education,09500693; 14645289
REV-0421,CHILDREN & SOCIETY,09510605; 10990860
REV-0422,AI & SOCIETY,09515666; 14355655
REV-0423,International Journal of Qualitative Studies in Education,09518398; 13665898
REV-0424,Gender &amp; History,09535233; 14680424
REV-0425,EUROPEAN JOURNAL OF CLINICAL NUTRITION,09543007; 14765640
REV-0426,JOURNAL OF THE HISTORY OF COLLECTIONS,09546650; 14778564
REV-0427,CULTURAL TRENDS,09548963; 14693690
REV-0428,INTERNATIONAL JOURNAL OF DRUG POLICY,09553959; 18734758
REV-0429,EARLY YEARS,09575146; 14724421
REV-0430,FEMINISM & PSYCHOLOGY,09593535; 14617161
REV-0431,THEORY & PSYCHOLOGY,09593543; 14617447
REV-0432,EUROPEAN JOURNAL OF INDUSTRIAL RELATIONS,09596801; 14617129
REV-0433,CAMBRIDGE ARCHAEOLOGICAL JOURNAL,09597743; 14740540
REV-0434,Women's History Review,09612025; 1747583X
REV-0435,Time &amp; Society,0961463X; 14617463
REV-0436,International Studies in Sociology of Education,09620214; 17475066
REV-0437,Environmental Values,09632719; 17527015
REV-0438,FEMINIST LEGAL STUDIES,09663622; 15728455
REV-0439,Where Has Social Justice Gone?: From Equality to Experimentation,09783030
REV-0440,European Journal of Cardio-Thoracic Surgery,10107940; 1873734X
REV-0441,EDUCACION,10199403; 23044322
REV-0442,REVISTA PANAMERICANA DE SALUD PUBLICA-PAN AMERICAN JOURNAL OF PUBLIC HEALTH,10204989; 16805348
REV-0443,REVISTA IBEROAMERICANA DE EDUCACION,10226508; 16815653
REV-0444,Boletín de Arqueología PUCP,10292004; 23044292
REV-0445,The Political Psychology of Social Unrest in Latin America,103225226; 104030650
REV-0446,Allende and Popular Unity: The Road to Democratic Socialism,103275574
REV-0447,Research Handbook on Social Work and Societies,103532926; 103532927
REV-0448,The Routledge International Handbook of Social Work Teaching,104000176
REV-0449,The Routledge International Handbook of Feminisms in Social Work,104003000
REV-0450,QUATERNARY INTERNATIONAL,10406182; 18734553
REV-0451,AMERICAN JOURNAL OF HUMAN BIOLOGY,10420533; 15206300
REV-0452,International Journal of Human–Computer Interaction,10447318; 15327590
REV-0453,LATIN AMERICAN ANTIQUITY,10456635; 23255080
REV-0454,CURRENT PSYCHOLOGY,10461310; 19364733
REV-0455,INTERNATIONAL JOURNAL OF OSTEOARCHAEOLOGY,1047482X; 10991212
REV-0456,Psychological Inquiry,1047840X; 15327965
REV-0457,Journal of Structural Biology,10478477; 10958657
REV-0458,QUALITATIVE HEALTH RESEARCH,10497323; 15527557
REV-0459,PSYCHOTHERAPY RESEARCH,10503307; 14684381
REV-0460,JOURNAL OF COMMUNITY & APPLIED SOCIAL PSYCHOLOGY,10529284; 10991298
REV-0461,NeuroRehabilitation,10538135; 18786448
REV-0462,JOURNAL OF CHILD SEXUAL ABUSE,10538712; 15470679
REV-0463,VISUAL ANTHROPOLOGY REVIEW,10587187; 15487458
REV-0464,JOURNAL OF CHILD AND FAMILY STUDIES,10621024; 15732843
REV-0465,The Journal of Foot and Ankle Surgery,10672516
REV-0466,EDUCATION POLICY ANALYSIS ARCHIVES,10682341
REV-0467,IDENTITIES-GLOBAL STUDIES IN CULTURE AND POWER,1070289X; 15473384
REV-0468,The Journal of Environment & Development,10704965; 15525465
REV-0469,International Journal of Human-Computer Studies,10715819
REV-0470,Journal of Constructivist Psychology,10720537; 15210650
REV-0471,"Social Politics: International Studies in Gender, State &amp; Society",10724745; 14682893
REV-0472,JOURNAL OF ARCHAEOLOGICAL METHOD AND THEORY,10725369; 15737764
REV-0473,Assessment,10731911; 15523489
REV-0474,HUMAN ECOLOGY REVIEW,10744827
REV-0475,ASSESSING WRITING,10752935; 18735916
REV-0476,QUALITATIVE INQUIRY,10778004; 15527565
REV-0477,Peace and Conflict Journal of Peace Psychology,10781919; 15327949
REV-0478,The Journals of Gerontology: Series B,10795014; 17585368
REV-0479,PoLAR Political and Legal Anthropology Review,10816976; 15552934
REV-0480,International Higher Education,10840613; 23724501
REV-0481,MOBILIZATION,1086671X
REV-0482,Journal of Attention Disorders,10870547; 15571246
REV-0483,HUMAN DIMENSIONS OF WILDLIFE,10871209; 1533158X
REV-0484,PSYCHOANALYSIS CULTURE & SOCIETY,10880763; 15433390
REV-0485,REVIEW OF GENERAL PSYCHOLOGY,10892680; 19391552
REV-0486,JOURNAL OF LABOR AND SOCIETY,10897011; 17434580; 24714607; 26673657
REV-0487,Evolution and Human Behavior,10905138; 18790607
REV-0488,SYSTEMS RESEARCH AND BEHAVIORAL SCIENCE,10927026; 10991743
REV-0489,INTERNATIONAL JOURNAL OF HISTORICAL ARCHAEOLOGY,10927697; 15737748
REV-0490,YOUNG,11033088; 17413222
REV-0491,A History of Chilean Literature,110848737; 110876661
REV-0492,QUADERNI DI GESTALT,11210737; 20356994
REV-0493,REVISTA COMPLUTENSE DE EDUCACION,11302496; 19882793
REV-0494,POLITICA Y SOCIEDAD,11308001; 19883129
REV-0495,ARTE INDIVIDUO Y SOCIEDAD,11315598; 19882408
REV-0496,CUADERNOS DE RELACIONES LABORALES,11318635; 19882572
REV-0497,PSYCHOSOCIAL INTERVENTION,11320559; 21734712
REV-0498,Acciones e Investigaciones Sociales,1132192X; 23404507
REV-0499,ARCHAEOFAUNA,11326891
REV-0500,Asparkia,11328231; 23404795
REV-0501,BEHAVIORAL PSYCHOLOGY-PSICOLOGIA CONDUCTUAL,11329483
REV-0502,Millars. Espai i Historia,11329823; 23404809
REV-0503,ANUARIO DE PSICOLOGIA JURIDICA,11330740; 21740542
REV-0504,REVISTA CIDOB D AFERS INTERNATIONALS,11336595; 2013035X
REV-0505,Revista Iberoamericana de Diagnóstico y Evaluación - e Avaliação Psicológica,11353848; 21836051
REV-0506,PSICOLOGIA EDUCATIVA,1135755X; 21740526
REV-0507,REVISTA DE PSICODIDACTICA,11361034; 22544372
REV-0508,Revista de Psicopatología y Psicología Clínica,11365420; 22546057
REV-0509,Arxius de Ciències Socials,11377038; 29902266
REV-0510,CULTURA DE LOS CUIDADOS,11381728; 16996003
REV-0511,PROFESORADO-REVISTA DE CURRICULUM Y FORMACION DE PROFESORADO,1138414X; 19896395
REV-0512,MIGRACIONES,11385774; 23410833
REV-0513,Revista Latina de Comunicacion Social,11385820
REV-0514,SPANISH JOURNAL OF PSYCHOLOGY,11387416; 19882904
REV-0515,SCRIPTA NOVA-REVISTA ELECTRONICA DE GEOGRAFIA Y CIENCIAS SOCIALES,11389788
REV-0516,EMPIRIA,11395737; 21740682
REV-0517,CAHIERS DES AMERIQUES LATINES,11417161; 22684247
REV-0518,EUROPEAN JOURNAL OF ENTOMOLOGY,12105759; 18028829
REV-0519,Revue internationale d éducation de Sèvres,12544590; 22614265
REV-0520,Revue internationale de l'éducation familiale,12797766
REV-0521,INTERNATIONAL JOURNAL OF INSTRUCTION,13081470; 1694609X
REV-0522,International Journal of Early Childhood Special Education,13085581
REV-0523,ESPACIO ABIERTO,13150006
REV-0524,Reforma y democracia.,13152378; 24434620
REV-0525,REVISTA VENEZOLANA DE GERENCIA,13159984
REV-0526,UTOPIA Y PRAXIS LATINOAMERICANA-REVISTA INTERNACIONAL DE FILOSOFIA IBEROAMERICANA Y TEORIA SOCIAL,13165216
REV-0527,Journal of Family Studies,13229400; 18393543
REV-0528,The Australian Journal of Indigenous Education,13260111; 20497784
REV-0529,MUSEUM INTERNATIONAL,13500775; 14680033
REV-0530,SOCIAL IDENTITIES,13504630; 13630296
REV-0531,INTERNATIONAL JOURNAL OF HERITAGE STUDIES,13527258; 14703610
REV-0532,HEALTH & PLACE,13538292; 18732054
REV-0533,Teachers and Teaching,13540602; 14701278
REV-0534,Journal of Latin American Cultural Studies,13569325; 14699575
REV-0535,JOURNAL OF MATERIAL CULTURE,13591835; 14603586
REV-0536,International Journal of Leadership in Education,13603124; 14645092
REV-0537,CITY,13604813; 14703629
REV-0538,Sociological Research Online,13607804
REV-0539,AGING & MENTAL HEALTH,13607863; 13646915
REV-0540,School Leadership &amp; Management,13632434; 13642626
REV-0541,JOURNAL OF YOUTH STUDIES,13676261; 14699680
REV-0542,Group Processes &amp; Intergroup Relations,13684302; 14617188
REV-0543,European Journal of Social Theory,13684310; 14617137
REV-0544,EUROPEAN JOURNAL OF SOCIAL WORK,13691457; 14682664
REV-0545,Journal of Ethnic and Migration Studies,1369183X; 14699451
REV-0546,Cahiers de psychologie clinique,1370074X; 17821401
REV-0547,JOURNAL OF CLINICAL AND EXPERIMENTAL NEUROPSYCHOLOGY,13803395; 1744411X
REV-0548,Journal of Clinical Monitoring and Computing,13871307; 15732614
REV-0549,JOURNAL OF ALZHEIMERS DISEASE,13872877; 18758908
REV-0550,ENVIRONMENT DEVELOPMENT AND SUSTAINABILITY,1387585X; 15732975
REV-0551,NARRATIVE INQUIRY,13876740
REV-0552,Journal of Educational Change,13892843; 15731812
REV-0553,Reviews in Endocrine and Metabolic Disorders,13899155; 15732606
REV-0554,Ribla,13900374; 16763394
REV-0555,CHASQUI-REVISTA LATINOAMERICANA DE COMUNICACION,13901079; 1390924X
REV-0556,Sophía,13903861; 13908626
REV-0557,LETRAS VERDES,13906631
REV-0558,post(s),13909797; 26312670
REV-0559,Journal of Intercultural Communication,14041634
REV-0560,GESTION Y POLITICA PUBLICA,14051079
REV-0561,CONVERGENCIA-REVISTA DE CIENCIAS SOCIALES,14051435; 24485799
REV-0562,Revista Mexicana de Investigacion Educativa,14056666
REV-0563,PAPELES DE POBLACION,14057425
REV-0564,La ventana. Revista de estudios de género,14059436; 24487724
REV-0565,Actualidades Investigativas en Educacion,14094703
REV-0566,Revista Brasileira de Educacao,14132478; 1809449X
REV-0567,CIENCIA & SAUDE COLETIVA,14138123; 16784561
REV-0568,Revista Cadernos do Ceom,14138409; 21750173
REV-0569,Ambiente & Educação,14138638; 22385533
REV-0570,Revista Em Pauta,14148609; 22383786
REV-0571,Teoria e Prática da Educação,1415837X; 22378707
REV-0572,Sociedade e Cultura,14158566; 19808194
REV-0573,INTERNATIONAL JOURNAL OF MOLECULAR SCIENCES,14220067
REV-0574,JOURNAL OF OROFACIAL ORTHOPEDICS FORTSCHRITTE DER KIEFERORTHOPADIE,14345293; 16156714
REV-0575,Forum Qualitative Sozialforschung,14385627
REV-0576,Journal of Sociology,14407833; 17412978
REV-0577,Qualitative Research Journal,14439883; 14480980
REV-0578,"Resilience and Ageing: Creativity, Culture and Community",1447340935
REV-0579,Social Work's Histories of Complicity and Resistance: A Tale of Two Professions,144736430
REV-0580,Street-Level Bureaucracy in Weak State Institutions,144736877
REV-0581,"Ecosocial Work and Sustainability Transitions: Theories, Methodologies and Practices",144737609; 144737611
REV-0582,TRANSNATIONAL CURRICULUM INQUIRY,14498855
REV-0583,Health Informatics Journal,14604582; 17412811
REV-0584,Environmental Archaeology,14614103; 17496314
REV-0585,ENVIRONMENTAL SCIENCE & POLICY,14629011; 18736416
REV-0586,Anthropological Theory,14634996; 17412641
REV-0587,Journal of Social Work,14680173; 1741296X
REV-0588,Journal of Classical Sociology,1468795X; 17412897
REV-0589,BUSINESS AND POLITICS,14693569
REV-0590,Journal of Consumer Culture,14695405; 17412900
REV-0591,Journal of Social Archaeology,14696053; 17412951
REV-0592,Global Networks,14702266; 14710374
REV-0593,SCOTTISH GEOGRAPHICAL JOURNAL,14702541; 1751665X
REV-0594,BMC GERIATRICS,14712318
REV-0595,BMC Pregnancy and Childbirth,14712393
REV-0596,BMC PSYCHIATRY,1471244X
REV-0597,BMC PUBLIC HEALTH,14712458
REV-0598,QUALITY IN AGEING AND OLDER ADULTS,14717794; 20441835
REV-0599,COUNSELLING & PSYCHOTHERAPY RESEARCH,14733145; 17461405
REV-0600,QUALITATIVE SOCIAL WORK,14733250; 17413117
REV-0601,CHILDRENS GEOGRAPHIES,14733277; 14733285
REV-0602,SOCIAL MOVEMENT STUDIES,14742829; 14742837
REV-0603,EVOLUTIONARY PSYCHOLOGY,14747049
REV-0604,ACTION RESEARCH,14767503; 17412617
REV-0605,Health and Quality of Life Outcomes,14777525
REV-0606,Person-Centered & Experiential Psychotherapies,14779757; 17529182
REV-0607,QUALITATIVE RESEARCH IN PSYCHOLOGY,14780887; 14780895
REV-0608,Itinerarios Revista de estudios lingüísticos literarios históricos y antropológicos,15077241
REV-0609,"Parole Futures: Rationalities, Institutions and Practices",150998217; 150998219
REV-0610,Educación Física y Ciencia,15140105; 23142561
REV-0611,Revista Argentina de Antropología Biológica,15147991; 18536387
REV-0612,Ilha Revista de Antropologia,1517395X; 21758034
REV-0613,Sociologias,15174522
REV-0614,EDUCACAO E PESQUISA,15179702; 16784634
REV-0615,Quaestio - Revista de Estudos em Educação,15182886; 21775796
REV-0616,Libertas,15189325; 19808518
REV-0617,DESENVOLVIMENTO E MEIO AMBIENTE,1518952X; 21769109
REV-0618,Revista de Educação PUC-Campinas,15193993; 23180870
REV-0619,Operative Techniques in Thoracic and Cardiovascular Surgery,15222942; 15328627
REV-0620,INFANCY,15250008; 15327078
REV-0621,Developmental Neuropsychology,15326942; 87565641
REV-0622,Culture Studies &#x2194 Critical Methodologies,15327086; 1552356X
REV-0623,Applied Environmental Education and Communication,1533015X; 15330389
REV-0624,CLINICAL CASE STUDIES,15346501; 15523802
REV-0625,Popular Communication,15405702; 15405710
REV-0626,LEARNING & BEHAVIOR,15434494; 15434508
REV-0627,Learning &amp; Memory,15495485
REV-0628,Alzheimer s & Dementia,15525260; 15525279
REV-0629,Sexuality Research and Social Policy,15536610; 18689884
REV-0630,BEHAVIOR RESEARCH METHODS,1554351X; 15543528
REV-0631,American Journal of Sexuality Education,15546128; 15546136
REV-0632,POLITICS & POLICY,15555623; 17471346
REV-0633,ARCHAEOLOGIES-JOURNAL OF THE WORLD ARCHAEOLOGICAL CONGRESS,15558622; 19353987
REV-0634,The Journal of Island and Coastal Archaeology,15561828; 15564894
REV-0635,Victims &amp; Offenders,15564886; 15564991
REV-0636,SSRN Electronic Journal,15565068
REV-0637,International Journal of Mental Health and Addiction,15571874; 15571882
REV-0638,Journal of Maritime Archaeology,15572285; 15572293
REV-0639,PUBLIC ORGANIZATION REVIEW,15667170; 15737098
REV-0640,Interdisciplinary Contributions to Archaeology,15682722; 27306984
REV-0641,LEADERSHIP AND POLICY IN SCHOOLS,15700763; 17445043
REV-0642,REVISTA ELECTRONICA INTERUNIVERSITARIA DE FORMACION DEL PROFESORADO,15750965
REV-0643,REVISTA ESPANOLA DE CIENCIA POLITICA-RECP,15756548; 21739870
REV-0644,International Journal of Psychology and Psychological Therapy,15777057
REV-0645,REVISTA ESPANOLA DE SOCIOLOGIA,15782824
REV-0646,Health and Addictions / Salud y Drogas,15785319; 1988205X
REV-0647,AGER-REVISTA DE ESTUDIOS SOBRE DESPOBLACION Y DESARROLLO RURAL,15787168
REV-0648,ATHENEA DIGITAL,15788946; 20144539
REV-0649,AIBR-REVISTA DE ANTROPOLOGIA IBEROAMERICANA,15789705; 16959752
REV-0650,Retos,15791726; 19882041
REV-0651,Distinktion: Journal of Social Theory,1600910X; 21599149
REV-0652,Revista de Sociología,16058933; 16097580
REV-0653,Revista Electrónica de Investigación Educativa,16074041
REV-0654,INTERNATIONAL JOURNAL OF QUALITATIVE METHODS,16094069
REV-0655,METHODOLOGY-EUROPEAN JOURNAL OF RESEARCH METHODS FOR THE BEHAVIORAL AND SOCIAL SCIENCES,16141881; 16142241
REV-0656,MAMMALIAN BIOLOGY,16165047; 16181476
REV-0657,Nuevo mundo mundos nuevos,16260252
REV-0658,Curriculo sem Fronteiras,16451384
REV-0659,Laboreal,16465237
REV-0660,UNIVERSITAS PSYCHOLOGICA,16579267; 20112777
REV-0661,International Journal of Environmental Research and Public Health,16604601; 16617827
REV-0662,Frontiers in Neural Circuits,16625110
REV-0663,FRONTIERS IN BEHAVIORAL NEUROSCIENCE,16625153
REV-0664,Frontiers in Aging Neuroscience,16634365
REV-0665,Frontiers in Psychology,16641078
REV-0666,Frontiers in Endocrinology,16642392
REV-0667,Psychotherapie-Wissenschaft,16649583; 16649591
REV-0668,Devenires,16653319; 23959274
REV-0669,Migraciones Internacionales,16658906
REV-0670,TEMAS Y DEBATES,16660714; 1853984X
REV-0671,INTERSECCIONES EN ANTROPOLOGIA,16662105; 1850373X
REV-0672,ANUARIO DE LA ESCUELA DE HISTORIA VIRTUAL,16665856; 18537049
REV-0673,REVISTA TEFROS,16679229; 1669726X
REV-0674,SALUD COLECTIVA,16692381; 18518265
REV-0675,Oncología Clínica,16696336
REV-0676,Textos &amp; Contextos (Porto Alegre),16779509
REV-0677,Enfermería: Cuidados Humanizados,16888375; 23936606
REV-0678,"Revista Latinoamericana de Ciencias Sociales, Ninez y Juventud",1692715X; 20277679
REV-0679,PAPELES DEL CEIC-INTERNATIONAL JOURNAL ON COLLECTIVE IDENTITY RESEARCH,16956494
REV-0680,PASOS Revista de Turismo y Patrimonio Cultural,16957121; 2529959X
REV-0681,Electronic Journal of Research in Education Psychology,16962095
REV-0682,REICE Revista Iberoamericana sobre Calidad Eficacia y Cambio en Educación,16964713
REV-0683,CULTURA CIENCIA Y DEPORTE,16965043; 19897413
REV-0684,APOSTA-REVISTA DE CIENCIAS SOCIALES,16967348
REV-0685,REVISTA EUREKA SOBRE ENSENANZA Y DIVULGACION DE LAS CIENCIAS,1697011X
REV-0686,International Journal of Clinical and Health Psychology,16972600; 21740852
REV-0687,FORO DE EDUCACION,16987799; 16987802
REV-0688,Revista de Psicología y Educación - Journal of Psychology and Education,16999517
REV-0689,Ecology and Society,17083087
REV-0690,Iranian Journal of Psychiatry,17354587; 20082215
REV-0691,JOURNAL FOR CRITICAL EDUCATION POLICY STUDIES,17402743; 20510969
REV-0692,JOURNAL OF MAPS,17445647
REV-0693,Contemporary Social Science,17450144; 17450152; 21582041; 2158205X
REV-0694,TRIALS,17456215
REV-0695,ETHNOGRAPHY AND EDUCATION,17457823; 17457831
REV-0696,MEMORY STUDIES,17506980; 17506999
REV-0697,Citizenship Teaching &amp; Learning,17511917; 17511925
REV-0698,TIME & MIND-THE JOURNAL OF ARCHAEOLOGY CONSCIOUSNESS AND CULTURE,1751696X; 17516978
REV-0699,International Journal of Transitional Justice,17527716; 17527724
REV-0700,URBAN RESEARCH & PRACTICE,17535069; 17535077
REV-0701,CANADIAN REVIEW OF SOCIOLOGY-REVUE CANADIENNE DE SOCIOLOGIE,17556171; 1755618X
REV-0702,SUBJECTIVITY,17556341; 1755635X
REV-0703,ENVIRONMENTAL POLICY AND GOVERNANCE,1756932X; 17569338
REV-0704,LONGITUDINAL AND LIFE COURSE STUDIES,17579597
REV-0705,GLOBAL HEALTH PROMOTION,17579759; 17579767
REV-0706,Genome Biology and Evolution,17596653
REV-0707,Journal of Poverty and Social Justice,17598273; 17598281
REV-0708,CULTURE ET MUSEES,17662923; 21114528
REV-0709,CONSTRUCTIVIST FOUNDATIONS,1782348X
REV-0710,Tabula Rasa,17942489; 20112742
REV-0711,Jurídicas,17942918; 25908928
REV-0712,REVISTA CRIMINALIDAD,17943108; 22565531
REV-0713,HALLAZGOS-REVISTA DE INVESITIGACIONES,17943841; 2422409X
REV-0714,AVANCES EN PSICOLOGIA LATINOAMERICANA,17944724
REV-0715,Memorias: Revista digital de historia y arqueologia desde el caribe,17948886
REV-0716,Handbook on Social Protection and Social Development in the Global South,180037842
REV-0717,"Handbook on Climate Change Vulnerability, Environments and Communities",180088281; 180088282
REV-0718,Research Handbook on Urban Sociology,180088890
REV-0719,Handbook on Youth Activism,180392321
REV-0720,Research Handbook on Education and Democracy,180392810; 180392811
REV-0721,REVISTA PRAXIS EDUCACIONAL,18090249; 21782679
REV-0722,Educação Online,18093760
REV-0723,Praxis Educativa,18094031; 18094309
REV-0724,INTERNATIONAL JOURNAL OF MULTIPLE RESEARCH APPROACHES,18340806; 18340814
REV-0725,Mountainscapes: Pathways and Mobilities in the Alps and Beyond,183695143; 183695145
REV-0726,Handbook of Research on the Global Political Economy of Work,183910657
REV-0727,JOURNAL OF SUSTAINABLE DEVELOPMENT OF ENERGY WATER AND ENVIRONMENT SYSTEMS-JSDEWES,18489257
REV-0728,Actas de Diseño,18502032; 25913735
REV-0729,REVISTA DE ARQUEOLOGIA HISTORICA ARGENTINA Y LATINOAMERICANA,18513190; 23449918
REV-0730,Prácticas de Oficio. Investigación y reflexión en Ciencias Sociales,18516076
REV-0731,REVISTA ARGENTINA DE CLINICA PSICOLOGICA,18517951
REV-0732,Revista Paginas,1851992X
REV-0733,Revista del Museo de Antropología,1852060X; 18524826
REV-0734,REVISTA ARGENTINA DE CIENCIAS DEL COMPORTAMIENTO,18524206
REV-0735,Revista Transporte y Territorio,18527175
REV-0736,REVISTA LATINOAMERICANA DE ESTUDIOS SOBRE CUERPOS EMOCIONES Y SOCIEDAD,18528759
REV-0737,REVISTA LATINOAMERICANA DE METODOLOGIA DE LA INVESTIGACION SOCIAL,18536190
REV-0738,REVISTA LATINOAMERICANA DE METODOLOGIA DE LAS CIENCIAS SOCIALES,18537863
REV-0739,Understanding Complex Systems,18600832; 18600840
REV-0740,SOCIAL PSYCHOLOGY,18649335; 21512590
REV-0741,School Mental Health,18662625; 18662633
REV-0742,Earth System Science Data,18663516
REV-0743,JOURNAL OF POLITICS IN LATIN AMERICA,1866802X; 18684890
REV-0744,ARCHAEOLOGICAL AND ANTHROPOLOGICAL SCIENCES,18669557; 18669565
REV-0745,ANDAMIOS,18700063; 25941917
REV-0746,Revista pueblos y fronteras digital,18704115
REV-0747,CULTURAL STUDIES OF SCIENCE EDUCATION,18711502; 18711510
REV-0748,Thinking Skills and Creativity,18711871; 18780423
REV-0749,APPLIED RESEARCH IN QUALITY OF LIFE,18712576; 18712584
REV-0750,OBESITY RESEARCH & CLINICAL PRACTICE,1871403X; 18780318
REV-0751,Journal of the Philosophy of History,1872261X; 18722636
REV-0752,Journal of Population Ageing,18747876; 18747884
REV-0753,EDUCATIONAL ASSESSMENT EVALUATION AND ACCOUNTABILITY,18748597; 18748600
REV-0754,Child Indicators Research,1874897X; 18748988
REV-0755,Journal of Men's Health,18756867
REV-0756,JACC: Cardiovascular Interventions,18767605; 19368798
REV-0757,Current Opinion in Environmental Sustainability,18773435
REV-0758,INTERNATIONAL JOURNAL OF PALEOPATHOLOGY,18799817; 18799825
REV-0759,Discurso &amp; Sociedad,18874606
REV-0760,European Journal of Education and Psychology,18888992; 19892209
REV-0761,ANTIPODA. REVISTA DE ANTROPOLOGIA Y ARQUEOLOGIA,19005407; 20114273
REV-0762,The Oxford Handbook of the Incas,190219352
REV-0763,The Oxford Handbook of the Archaeology and Anthropology of Rock Art,190607357
REV-0764,The Oxford Handbook of Latin American Social Movements,19087036
REV-0765,Global Labour Journal,19186711
REV-0766,JMIR RESEARCH PROTOCOLS,19290748
REV-0767,International Journal of Sexual Health,19317611; 1931762X
REV-0768,PLOS ONE,19326203
REV-0769,The Anatomical Record,19328486; 19328494
REV-0770,INTELLECTUAL AND DEVELOPMENTAL DISABILITIES,19349491; 19349556
REV-0771,The Journal of Latin American and Caribbean Anthropology,19354932; 19354940
REV-0772,Professional Development in Education,19415257; 19415265
REV-0773,RISK HAZARDS & CRISIS IN PUBLIC POLICY,19444079
REV-0774,BIODEMOGRAPHY AND SOCIAL BIOLOGY,19485565; 19485573
REV-0775,IdeAs,19505701
REV-0776,Revue de la régulation,19577796
REV-0777,SOCIOLOGICA-INTERNATIONAL JOURNAL FOR SOCIOLOGICAL DEBATE,19718853
REV-0778,"The Oxford Handbook of Power, Politics, and Social Work",19765092
REV-0779,Zero-a-Seis,19804512
REV-0780,REMHU: Revista Interdisciplinar da Mobilidade Humana,19808585; 22379843
REV-0781,Revista de Ciências Humanas,19819250
REV-0782,Revista Katálysis,19820259
REV-0783,Revista Eletrônica de Educação,19827199
REV-0784,Revista Espaço do Currículo,19831579
REV-0785,Psychology and Neuroscience,19833288; 19843054
REV-0786,Dilemas,19835922; 21782792
REV-0787,RELIGIAO SOCIEDADE,19840438
REV-0788,ILUMINURAS,19841191
REV-0789,Revista Pedagógica,19841566
REV-0790,"Sexualidad, Salud y Sociedad (Rio de Janeiro)",19846487
REV-0791,Revista Educação Especial,1984686X
REV-0792,Sortuz,19880847
REV-0793,Journal of Human Sport and Exercise,19885202
REV-0794,Revista de Sociología de la Educación-RASE,19887302; 26051923
REV-0795,Prisma Social,19893469
REV-0796,Journal of Sport and Health Research,19896239
REV-0797,Psychology Society & Education,1989709X; 21712085
REV-0798,Ágora para la Educación Física y el Deporte,19897200
REV-0799,SOCIOLOGIA Y TECNOCIENCIA,19898487
REV-0800,ALTERNATIVAS. CUADERNOS DE TRABAJO SOCIAL,19899971
REV-0801,Teoría y Praxis,1994733X
REV-0802,VOLGOGRADSKII GOSUDARSTVENNYI UNIVERSITET-VESTNIK-SERIYA 4-ISTORIYA REGIONOVEDENIE MEZHDUNARODNYE OTNOSHENIYA,19989938
REV-0803,Socioaffective Neuroscience &amp; Psychology,20009011
REV-0804,Iberoamericana – Nordic Journal of Latin American and Caribbean Studies,20024509
REV-0805,Revista Mexicana de Trastornos Alimentarios/Mexican Journal of Eating Disorders,20071523
REV-0806,Investigación en Educación Médica,20075057; 2007865X
REV-0807,Política Común,20075227
REV-0808,Sinéctica,20077033
REV-0809,REVISTA CS EN CIENCIAS SOCIALES,20110324
REV-0810,REVISTA CES PSICOLOGIA,20113080
REV-0811,DEARQ-REVISTA DE ARQUITECTURA-JOURNAL OF ARCHITECTURE,20113188; 2215969X
REV-0812,ELEUTHERA,20114532; 24631469
REV-0813,LATIN AMERICAN JOURNAL OF CONTENT & LANGUAGE INTEGRATED-LACLIL,20116721; 23229721
REV-0814,REVISTA FINANZAS Y POLITICA ECONOMICA,20117663; 22486046
REV-0815,Trabajo Social Global-Global Social Work,20136757
REV-0816,MITOLOGIAS HOY-REVISTA DE PENSAMIENTO CRITICA Y ESTUDIOS LITERARIOS LATINOAMERICANOS,20141130
REV-0817,grafica,20149298; 23397500
REV-0818,MAGIS-REVISTA INTERNACIONAL DE INVESTIGACION EN EDUCACION,20271174; 20271182
REV-0819,NATURE COMMUNICATIONS,20411723
REV-0820,Latin American Policy,20417365; 20417373
REV-0821,Interface Focus,20428901
REV-0822,WORLD REVIEW OF POLITICAL ECONOMY,2042891X; 20428928
REV-0823,SCIENTIFIC REPORTS,20452322
REV-0824,PSYCH JOURNAL,20460252; 20460260
REV-0825,Families Relationships and Societies,20467435; 20467443
REV-0826,Interest Groups &amp; Advocacy,20477414; 20477422
REV-0827,Review of Education,20496613
REV-0828,CRITICAL AND RADICAL SOCIAL WORK,20498608; 20498675
REV-0829,ELIFE,2050084X
REV-0830,Sexual Medicine,20501161
REV-0831,Journal of Open Psychology Data,20509863
REV-0832,GLOBAL MENTAL HEALTH,20544251
REV-0833,Royal Society Open Science,20545703
REV-0834,NATURE PLANTS,2055026X; 20550278
REV-0835,JOURNAL OF LITHIC STUDIES,20550472
REV-0836,PALEOAMERICA,20555563; 20555571
REV-0837,Journal of Behavioral Addictions,20625871; 20635303
REV-0838,SUSTAINABILITY,20711050
REV-0839,NUTRIENTS,20726643
REV-0840,Toxins,20726651
REV-0841,LAND,2073445X
REV-0842,TERRA ECONOMICUS,20736606
REV-0843,MINERALS,2075163X
REV-0844,SOCIETIES,20754698
REV-0845,SOCIAL SCIENCES-BASEL,20760760
REV-0846,BEHAVIORAL SCIENCES,2076328X
REV-0847,APPLIED SCIENCES-BASEL,20763417
REV-0848,JOURNAL OF CLINICAL MEDICINE,20770383
REV-0849,ISTORIYA-ELEKTRONNYI NAUCHNO-OBRAZOVATELNYI ZHURNAL,20798784
REV-0850,Education Research International,20904002; 20904010
REV-0851,Journal of Drug and Alcohol Research,20908334; 20908342
REV-0852,Artelogie,21156395
REV-0853,trilogía Ciencia Tecnología Sociedad,21454426; 21457778
REV-0854,ARTHRITIS CARE & RESEARCH,2151464X; 21514658
REV-0855,Higher Learning Research Communications,21576254
REV-0856,Sage Open,21582440
REV-0857,Journal of Political Power,2158379X; 21583803
REV-0858,HERITAGE AND SOCIETY,2159032X; 21590338
REV-0859,Contemporary School Psychology,21592020; 21611505
REV-0860,INTERNATIONAL CRITICAL THOUGHT,21598282; 21598312
REV-0861,Journal of Geophysical Research Solid Earth,21699313; 21699356
REV-0862,REVISTA INTERNACIONAL DE ESTUDIOS MIGRATORIOS,21731950
REV-0863,Revista sobre la infancia y la adolescencia,21747210
REV-0864,TEMPO E ARGUMENTO,21751803
REV-0865,URBE-REVISTA BRASILEIRA DE GESTAO URBANA,21753369
REV-0866,Revista de Psicologia da IMED,21755027
REV-0867,Proa: Revista de Antropologia e Arte,21756015
REV-0868,Debates em Educação,21756600
REV-0869,PLURAIS - Revista Multidisciplinar,21775060; 24479373
REV-0870,CARACOL,21781702; 23179651
REV-0871,Acta Scientiarum - Education,21785198; 21785201
REV-0872,Debates em Educação Científica e Tecnológica/Revista Eletrônica Debates em Educação Científica e Tecnológica,21796955; 22362150
REV-0873,INTERNATIONAL JOURNAL OF MARKETING COMMUNICATION AND NEW MEDIA,21829306
REV-0874,AVANCA | CINEMA,21840520; 21844682
REV-0875,New Trends in Qualitative Research,21847770
REV-0876,"Smart Innovation, Systems and Technologies",21903018; 21903026
REV-0877,JOURNAL OF ENVIRONMENTAL STUDIES AND SCIENCES,21906483; 21906491
REV-0878,Springer Geography,2194315X; 21943168
REV-0879,Journal of Social and Political Psychology,21953325
REV-0880,Peace Psychology Book Series,21975779; 21975787
REV-0881,International Perspectives on the Teaching and Learning of Mathematical Modelling,22114920; 22114939
REV-0882,International Journal of Disaster Risk Reduction,22124209
REV-0883,Food Bioscience,22124292; 22124306
REV-0884,Journal of the World Federation of Orthodontists,22124438
REV-0885,Mental Health &amp; Prevention,22126570
REV-0886,TRAVEL BEHAVIOUR AND SOCIETY,2214367X; 22143688
REV-0887,ENERGY RESEARCH & SOCIAL SCIENCE,22146296
REV-0888,EXTRACTIVE INDUSTRIES AND SOCIETY,2214790X; 22147918
REV-0889,Comuni@cción: Revista de Investigación en Comunicación y Desarrollo,22197168; 22261478
REV-0890,EDUCATION SCIENCES,22277102
REV-0891,Healthcare,22279032
REV-0892,História Unisinos,22361782
REV-0893,FINEDUCA - Revista de Financiamento da Educação,22365907
REV-0894,Historia Ambiental Latinoamericana y Caribena,22372717
REV-0895,Sociologia & Antropologia,22383875
REV-0896,RESEARCH IN PSYCHOTHERAPY-PSYCHOPATHOLOGY PROCESS AND OUTCOME,22398031; 24997552
REV-0897,ETICA & CINE,22505415; 22505660
REV-0898,OIDO PENSANTE,22507116
REV-0899,Sudamericana: Revista de Ciencias Sociales,22507779
REV-0900,REVISTA INTERNACIONAL DE EDUCACION PARA LA JUSTICIA SOCIAL,22543139
REV-0901,SPORT TK-Revista EuroAmericana de Ciencias del Deporte,22544070; 23408812
REV-0902,Journal of New Approaches in Educational Research,22547339
REV-0903,TORRES DE LUCCA-REVISTA INTERNACIONAL DE FILOSOFIA POLITICA,22553827
REV-0904,Revista Boletín Redipe,22561536
REV-0905,La Nouvelle revue du travail,22638989; 24957593
REV-0906,VISUAL ETHNOGRAPHY,22811605; 24999288
REV-0907,Frontline Learning Research,22953159
REV-0908,Frontiers in Pediatrics,22962360
REV-0909,FRONTIERS IN PUBLIC HEALTH,22962565
REV-0910,FRONTIERS IN ENERGY RESEARCH,2296598X
REV-0911,FRONTIERS IN EARTH SCIENCE,22966463
REV-0912,FRONTIERS IN ECOLOGY AND EVOLUTION,2296701X
REV-0913,Frontiers in Nutrition,2296861X
REV-0914,FRONTIERS IN SOCIOLOGY,22977775
REV-0915,Open Archaeology,23006560
REV-0916,ESTUDIOS DEL DESARROLLO SOCIAL-CUBA Y AMERICA LATINA,23080132
REV-0917,SIMBIOTICA,23161620
REV-0918,SIG Revista de Psicanálise,23166010
REV-0919,Novos Rumos Sociológicos,23181966; 23183721
REV-0920,Revista Sul-Americana de Psicologia,2318650X
REV-0921,Caderno Eletrônico de Ciências Sociais,23186933
REV-0922,Aufklärung journal of philosophy,23189428; 23588470
REV-0923,Tessituras Revista de Antropologia e Arqueologia,23189576
REV-0924,Molecular Genetics & Genomic Medicine,23249269
REV-0925,ELEMENTA-SCIENCE OF THE ANTHROPOCENE,23251026
REV-0926,QUALITATIVE PSYCHOLOGY,23263598; 23263601
REV-0927,Open Journal of Social Sciences,23275952; 23275960
REV-0928,Applied Neuropsychology Adult,23279095; 23279109
REV-0929,EARTHS FUTURE,23284277
REV-0930,Health Systems &amp; Reform,23288604; 23288620
REV-0931,TSQ: Transgender Studies Quarterly,23289252; 23289260
REV-0932,Psychology of Sexual Orientation and Gender Diversity,23290382; 23290390
REV-0933,Journal of Experimental Psychology: Animal Learning and Cognition,23298456; 23298464
REV-0934,ECONOMIC ANTHROPOLOGY,23304847
REV-0935,Cogent Education,2331186X
REV-0936,Campos en Ciencias Sociales,23393688; 25006681; 25394363
REV-0937,KAMCHATKA-REVISTA DE ANALISIS CULTURAL,23401869
REV-0938,"European Journal of Child Development, Education and Psychopathology",2340924X
REV-0939,Encuentros (Maracaibo),23436131; 26108046
REV-0940,JOURNAL OF ARCHAEOLOGICAL SCIENCE-REPORTS,2352409X
REV-0941,"Advances in Economics, Business and Management Research",23525428
REV-0942,HUMANIDADES & INOVACAO,23588322
REV-0943,A&P Continuidad,23626089; 23626097
REV-0944,IMISCOE Research Series,23644087; 23644095
REV-0945,JOURNAL OF HUMAN RIGHTS AND SOCIAL WORK,23651792
REV-0946,IEA Research for Education,23661631; 2366164X
REV-0947,Perspectives on Rethinking and Reforming Education,23661658; 23661666
REV-0948,The Latin American Studies Book Series,23663421; 2366343X
REV-0949,Lecture Notes in Networks and Systems,23673370; 23673389
REV-0950,SCIENCE ADVANCES,23752548
REV-0951,Stigma and Health,23766964; 23766972
REV-0952,Third World Thematics: A TWQ Journal,23799978; 23802014
REV-0953,"MUSAS. Revista de Investigación en Mujer, Salud y Sociedad",23857005
REV-0954,Ehquidad Revista Internacional de Políticas de Bienestar y Trabajo Social,23864915
REV-0955,KULTUR-REVISTA INTERDISCIPLINARIA SOBRE LA CULTURA DE LA CIUTAT,23865458
REV-0956,SPORTIS SCIENTIFIC TECHNICAL JOURNAL OF SCHOOL SPORT PHYSICAL EDUCATION AND PSYCHOMOTRICITY,23868333
REV-0957,Revista Ambigua,23868708
REV-0958,Revista Euroamericana de Antropología,23871555
REV-0959,"Política, Globalidad y Ciudadanía",23958448
REV-0960,Revista interdisciplinaria de estudios de género de El Colegio de México,23959185
REV-0961,International Journal of Care and Caring,23978821; 2397883X
REV-0962,Communications Biology,23993642
REV-0963,Ciencia Tecnologí­a y Salud,24093459; 24106356
REV-0964,New Perspectives in Science Education - International Conference,24209732
REV-0965,"Revista Educación, Política y Sociedad",24454109
REV-0966,Desenvolvimento Socioeconômico em Debate,24465496
REV-0967,Serviço Social e Saúde,24465992
REV-0968,Latin-American Journal of Discourse Studies,24479543
REV-0969,Psicología Educativa,24486957
REV-0970,EID Ergonomía Investigación y Desarrollo,24524859
REV-0971,Revista Electrónica de Investigación en Docencia Universitaria,24524875
REV-0972,Revista Saberes Educativos,24525014
REV-0973,Praxis Arqueológica,24525081
REV-0974,Revista de Antropología Visual,24525189
REV-0975,Journal of Movement &amp; Health,24525812
REV-0976,Andes Pediatrica,24526053
REV-0977,Revista Realidad Educativa,24526134
REV-0978,International Journal of Educational Methodology,24699632
REV-0979,International Journal of Public and Private Perspectives on Healthcare Culture and the Environment,24711047; 24711055
REV-0980,Revista Investigación Cualitativa,24734985
REV-0981,Current Developments in Nutrition,24752991
REV-0982,Journal of Working-Class Studies,24754765
REV-0983,Sensibilités,24969087; 27791920
REV-0984,FRONTIERS IN EDUCATION,2504284X
REV-0985,The Urban Transcripts Journal,25145339
REV-0986,Kera Yvoty: reflexiones sobre la cuestión social,25197797; 27889572
REV-0987,Community Psychology,25237241; 2523725X
REV-0988,Revista Brasileira de Pesquisa (Auto)biográfica,2525426X
REV-0989,CADERNOS BRASILEIROS DE TERAPIA OCUPACIONAL-BRAZILIAN JOURNAL OF OCCUPATIONAL THERAPY,25268910
REV-0990,Revista de Psicodidáctica (English ed ),25303805
REV-0991,Sociedad e Infancias,25310720
REV-0992,"Ciencia Nueva, Revista de Historia y Politica",25392662
REV-0993,Revista Colombiana de Antropología,2539472X
REV-0994,Cuestión Urbana,25456881
REV-0995,Theorein Revista de Ciencias Sociales,25506625; 26312808
REV-0996,"Evolution, Mind and Behaviour",25600982
REV-0997,International Journal of Men's Social and Community Health,25619179
REV-0998,Revue d’études autochtones,25644947; 25644955
REV-0999,TAPUYA-LATIN AMERICAN SCIENCE TECHNOLOGY AND SOCIETY,25729861
REV-1000,Migration and Society,25741306; 25741314
REV-1001,ISCIENCE,25890042
REV-1002,ECLINICALMEDICINE,25895370
REV-1003,One Earth,25903322
REV-1004,Ts. Territorios-REVISTA DE TRABAJO SOCIAL,25913239
REV-1005,Encartes,25942999
REV-1006,MOTRICIDADES Revista da Sociedade de Pesquisa Qualitativa em Motricidade Humana,25946463
REV-1007,Revista de Educaci�n e Investigaci�n en Emergencias,26046520
REV-1008,DISCURSOS DEL SUR,26172283; 26172291
REV-1009,Revista Estudios Psicosociales Latinoamericanos,26196077
REV-1010,Frontiers in Climate,26249553
REV-1011,FRONTIERS IN SUSTAINABLE CITIES,26249634
REV-1012,Civic Sociology,26379155
REV-1013,Ecosystems and People,26395908; 26395916
REV-1014,Revista de Ciencias Sociales Ambos Mundos,26594439
REV-1015,Disjuntiva. Crítica de les Ciències Socials,26597071
REV-1016,International Journal of Arts Humanities and Social Studies,26648652; 26648660
REV-1017,Forensic Science International: Reports,26659107
REV-1018,Quaternary Science Advances,26660334
REV-1019,FRONTIERS IN REPRODUCTIVE HEALTH,26733153
REV-1020,Revista Estado da Arte,26754576
REV-1021,EntreAções diálogos em extensão,26755335
REV-1022,Punto sur,26837404
REV-1023,AMERICAN JOURNAL OF BIOLOGICAL ANTHROPOLOGY,26927691
REV-1024,Márgenes Revista de Educación de la Universidad de Málaga,26952769
REV-1025,Revista Debates Sobre Derechos Humanos,27188175
REV-1026,World Complexity Science Academy Journal,27240606
REV-1027,Curriculum Studies Worldwide,27316386; 27316394
REV-1028,Propuestas Críticas en Trabajo Social-Critical Proposals in Social Work,27356620
REV-1029,Praxis Psy,27356957
REV-1030,PLOS Global Public Health,27673375
REV-1031,DRUG AND ALCOHOL DEPENDENCE REPORTS,27727246
REV-1032,Tramas y Redes,27969096
REV-1033,Educación y Ciencia,28056655
REV-1034,RIPPC,28060075
REV-1035,Iberoamerican Journal of Psychology and Public Policy,28106598
REV-1036,Evidencia Educativa,28107594
REV-1037,Child Protection and Practice,29501938
REV-1038,"Eleusis, Revista de Estudios sobre Cannabis y Sustancias Psicoactivas",29535360
REV-1039,Spirat. Revista Académica de Docencia y Gestión Universitaria,29612349
REV-1040,Alzheimer s & Dementia Behavior & Socioeconomics of Aging,29973805
REV-1041,Suds,30012139; 3001591X
REV-1042,npj Dementia,30051940
REV-1043,Seminars in Medical Writing and Education,30088127
REV-1044,Health Leadership and Quality of Life,30088488
REV-1045,Towards a Comparative Analysis of Social Inequalities between Europe and Latin America,3030484415; 3030484422
REV-1046,"Global Encyclopedia of Public Administration, Public Policy, and Governance",303066251; 303066252
REV-1047,Validity of Educational Assessments in Chile and Latin America,303078390
REV-1048,"Exploring Ibero-American Youth Cultures in the 21st Century: Creativity, Resistance and Transgression in the City",303083540; 303083541
REV-1049,Handbook of Latin American Health Psychology: Evidence and Practices,303184432; 303184433
REV-1050,Trends in Latin American Psychology: Research Published in Universitas Psychologica,303187553; 303187554
REV-1051,Qualitative Research in Clinical Psychology and Psychotherapy in Latin America: Creativity for Studying Complex Objects in Context,303190781; 303190782
REV-1052,PAPELES DE IDENTIDAD-CONTAR LA INVESTIGACION DE FRONTERA,30455650
REV-1053,"Archaeological Human Remains: Legacies of Imperialism, Communism and Colonialism",3319899848
REV-1054,"The Routledge Companion to Indigenous Repatriation: Return, Reconcile, Renew",38303584
REV-1055,The Architecture of Desistance,38617322
REV-1056,Power and Popular Protest: Latin American Social Movements: Updated and Expanded Edition,52022705
REV-1057,Government Formation and Minister Turnover in Presidential Cabinets: Comparative Analysis in the Americas,66491978
REV-1058,"Augmented Exploitation: Artificial Intelligence, Automation and Work",74534350; 74534353
REV-1059,TECHTRENDS,87563894
REV-1060,Interrogating the Relations between Migration and Education in the South: Migrating Americas,9781000504
REV-1061,Revolutionary Social Work: Promoting Systemic Changes,9781003194
REV-1062,Companion to Urban and Regional Studies,9781119316
REV-1063,Gender's Place: Feminist Anthropologies of Latin America,978113712
REV-1064,Curriculum Studies as an International Conversation: Educational Traditions and Cosmopolitanism in Latin America,9781351254
REV-1065,Civil Society Organizations in Latin American Education: Case Studies and Perspectives on Advocacy,9781351599
REV-1066,Archaeologies of Rock Art: South American Perspectives,9781351869
REV-1067,The Institutionalisation of Evaluation in the Americas,9783030811
REV-1068,The Coronavirus Crisis and Challenges to Social Development: Global Perspectives,9783030846
REV-1069,The Palgrave Handbook of Global Rehabilitation in Criminal Justice,978303114
REVNOM-0001,Americanae (AECID Library),NA
REVNOM-0002,Andean Ontologies,NA
REVNOM-0003,Andean States and the Resource Curse,NA
REVNOM-0004,Anthropos,NA
REVNOM-0005,Beyond Women's Words,NA
REVNOM-0006,Boletín de la Sociedad Chilena de Arqueología,NA
REVNOM-0007,Carolina Digital Repository (University of North Carolina at Chapel Hill),NA
REVNOM-0008,CHASQUI-REVISTA LATINOAMERICANA DE COMUNICACION,NA
REVNOM-0009,Ciências Humanas: Estudos para uma Visão Holística da Sociedade Vol II,NA
REVNOM-0010,Clepsidra. Revista Interdisciplinaria de Estudios sobre Memoria,NA
REVNOM-0011,Clínica & Cultura,NA
REVNOM-0012,Community Environmental Psychology and Community Resilience,NA
REVNOM-0013,Con-temporánea,NA
REVNOM-0014,Constructivist Foundations,NA
REVNOM-0015,"Contestations of Citizenship, Education, and Democracy in an Era of Global Change",NA
REVNOM-0016,Cuaderno de Trabajo Social,NA
REVNOM-0017,Cuadernos de Beauchef,NA
REVNOM-0018,"Cuadernos de Beauchef, Chile sobre la Marcha, III. ",NA
REVNOM-0019,"Cuadernos de Música, Artes Visuales y Artes Escénicas",NA
REVNOM-0020,Cuadernos de Trabajo Social,NA
REVNOM-0021,Cuadernos del Instituto Nacional de Antropología y Pensamiento Latinoamericano - Series Especiales,NA
REVNOM-0022,Cuadernos del Pensamiento Crítico Latinoamericano,NA
REVNOM-0023,Cuadernos Medico Sociales,NA
REVNOM-0024,Cuadernos Médicos Sociales (Chile) ,NA
REVNOM-0025,CUHSO,NA
REVNOM-0026,CUHSO. Cultura-Hombre-Sociedad,NA
REVNOM-0027,Curriculum Studies as an International Conversation,NA
REVNOM-0028,Curriculum Studies as an International Conversation: Educational Traditions and Cosmopolitanism in Latin America,NA
REVNOM-0029,Cyberbullying at University in International Contexts,NA
REVNOM-0030,Derecho y Crítica Social,NA
REVNOM-0031,Desapariciones,NA
REVNOM-0032,Dialnet (Universidad de la Rioja),NA
REVNOM-0033,"Disciplinarum Scientia. Série: Sociais Aplicadas, v. 16, n. 1, p. 137-157.Comité editorial. Latindex. ",NA
REVNOM-0034,DOAJ (DOAJ: Directory of Open Access Journals),NA
REVNOM-0035,Early Childhood Pedagogical Practices Across the World,NA
REVNOM-0036,Economía y Política,NA
REVNOM-0037,Ecuador Debate 109,NA
REVNOM-0038,EduSol,NA
REVNOM-0039,"El oasis de Quillagua, la frontera interior: tres siglos de arqueología (Desierto de Atacama, norte de Chile)",NA
REVNOM-0040,Elgar Encyclopedia of Global Social Theory,NA
REVNOM-0041,Em Pauta,NA
REVNOM-0042,Encyclopedia of Animal Cognition and Behavior,NA
REVNOM-0043,Encyclopedia of Domestic Violence,NA
REVNOM-0044,Encyclopedia of Global Archaeology,NA
REVNOM-0045,Encyclopedia of Sexual Psychology and Behavior,NA
REVNOM-0046,Enfermería: Cuidados Humanizados (Scielo),NA
REVNOM-0047,Entredichos. Intervenciones y Debates en Trabajo Social,NA
REVNOM-0048,Equilibrio Económico,NA
REVNOM-0049,Escenarios,NA
REVNOM-0050,Espacios en blanco. Serie indagaciones,NA
REVNOM-0051,Estudios Avanzados,NA
REVNOM-0052,"Estudos Internacionais. Revista de Relações Internacionais, 9(2).",NA
REVNOM-0053,Extramuros ,NA
REVNOM-0054,Foodways of the Ancient Andes,NA
REVNOM-0055,GestiónArte,NA
REVNOM-0056,HAL (Le Centre pour la Communication Scientifique Directe),NA
REVNOM-0057,Handbook of Research on the Global Political Economy of Work,NA
REVNOM-0058,Heterotopías,NA
REVNOM-0059,Humanidades Médicas,NA
REVNOM-0060,Imaginación o Barbarie (Red Iberoamericana de Investigación en Imaginarios y Representaciones). Nº 20,NA
REVNOM-0061,"Infancia, Educación Y Aprendizaje",NA
REVNOM-0062,Influences of the IEA Civic and Citizenship Education Studies,NA
REVNOM-0063,Interciencia,NA
REVNOM-0064,International Journal of Behavioral Medicine,NA
REVNOM-0065,International Journal of Education and research,NA
REVNOM-0066,International Journal of Psychology,NA
REVNOM-0067,Interrogating the Relations between Migration and Education in the South,NA
REVNOM-0068,Intervención,NA
REVNOM-0069,IZQUIERDAS,NA
REVNOM-0070,Journal EURE,NA
REVNOM-0071,Journal MAD,NA
REVNOM-0072,L’attention médicamentée,NA
REVNOM-0073,LA Referencia (Red Federada de Repositorios Institucionales de Publicaciones Científicas),NA
REVNOM-0074,Learning and Using Languages in Ethnographic Research,NA
REVNOM-0075,Mapocho Revista de Humanidades,NA
REVNOM-0076,MOBILIZATION,NA
REVNOM-0077,"Motherhood, Social Policies and Women's Activism in Latin America",NA
REVNOM-0078,Opción,NA
REVNOM-0079,Oxford Research Encyclopedia of Latin American History,NA
REVNOM-0080,Períplos,NA
REVNOM-0081, PERIPLOS. Revista de Investigação sobre Migrações,NA
REVNOM-0082,Polis Revista Latinoamericana,NA
REVNOM-0083,Polis. Revista Latinoamericana,NA
REVNOM-0084,"Polis. Revista Latinoamericana, N°57",NA
REVNOM-0085,Política y Sociedad,NA
REVNOM-0086,Political psychology in Latin America.,NA
REVNOM-0087,Portal de Libros,NA
REVNOM-0088,Problemáticas sociales frente al contexto de la COVID-19 ¿sin punto final?,NA
REVNOM-0089,Psychology of Democracy,NA
REVNOM-0090,Psychosocial Perspectives on Community Responses to Covid-19,NA
REVNOM-0091,Psykhe (Santiago),NA
REVNOM-0092,Redes,NA
REVNOM-0093,"Reimagining Education: The International Science and Evidence based Education
            Assessment",NA
REVNOM-0094,Repositorio Institucional de la Universidad de Alicante (Universidad de Alicante),NA
REVNOM-0095,Resonancias: Revista de investigación musical,NA
REVNOM-0096,Rethinking the Inka,NA
REVNOM-0097,Revista A Contrahilo. Núcleo de sociología del arte y de las prácticas culturales. Universidad de Chile. N°2. Pág. 6 – 7.,NA
REVNOM-0098,"Revista Actuel Marx / Intervenciones, N° 22. Santiago de Chile. Pp. 153 - 174.",NA
REVNOM-0099,Revista Argentina de Gerontología y Geriatría ,NA
REVNOM-0100,Revista Argentina de Sociología,NA
REVNOM-0101,Revista Boletín ONTEAIKEN,NA
REVNOM-0102,Revista Bricolaje,NA
REVNOM-0103,Revista Chilena de Antropología,NA
REVNOM-0104,Revista Chilena de Neuro-Psiquiatría ,NA
REVNOM-0105,Revista Científica de Psicología Eureka,NA
REVNOM-0106,Revista Contenido,NA
REVNOM-0107,Revista Conversaciones del Cono Sur,NA
REVNOM-0108,Revista  de  Ciencias  Sociales,NA
REVNOM-0109,Revista de Estado y Políticas Públicas,NA
REVNOM-0110,Revista de Estudios Políticos y Estratégicos,NA
REVNOM-0111,Revista de Humanidades,NA
REVNOM-0112,Revista de Interpretación Bíblica Latinoamericana,NA
REVNOM-0113,Revista de Políticas Públicas - Volumen 9 - Nº 1 Universidad de Santiago de Chile,NA
REVNOM-0114,Revista de Trabajo Social,NA
REVNOM-0115,Revista Electrónica de Trabajo Social,NA
REVNOM-0116,Revista Enfoques Educacionales Vol. 14. ISSN 0717-3229,NA
REVNOM-0117,Revista Estudios Avanzados ,NA
REVNOM-0118,Revista Fotocronografia,NA
REVNOM-0119,Revista Habanera de Ciencias Médicas,NA
REVNOM-0120,"Revista HISTEDBR On-line, Campinas, Sao Paulo, v. 18, n. 4",NA
REVNOM-0121,REVISTA IBEROAMERICANA DE PSICOLOGÍA DEL EJERCICIO Y EL DEPORTE,NA
REVNOM-0122,Revista Intervención,NA
REVNOM-0123,Revista Intervenciones - Departamento de Trabajo Social - Universidad Alberto Hurtado,NA
REVNOM-0124,Revista Investigación Forense Instituto Carlos Ybar,NA
REVNOM-0125,Revista Izquierdas ,NA
REVNOM-0126,"Revista Latinoamericana de Estudios sobre Cuerpo, Emociones y Sociedad",NA
REVNOM-0127,"Revista Latinoamericana de Estudios sobre Cuerpos, Emociones y Sociedad.",NA
REVNOM-0128,Revista Latinoamericana de Metodología de la Investigación Social,NA
REVNOM-0129,Revista Latinoamericana Polis.,NA
REVNOM-0130,Revista Libre Pensamiento,NA
REVNOM-0131,Revista Mexicana de Política Exterior,NA
REVNOM-0132,Revista Mexicana de Sociologí­a,NA
REVNOM-0133,Revista MORA,NA
REVNOM-0134,"Revista Nuevas Tendencias en Antropología, Universidad Miguel Hernández de Elche (España). N° 12",NA
REVNOM-0135,"Revista Políticas Públicas, Universidad de Santiago de Chile",NA
REVNOM-0136,Revista Psicología Social Comunitaria    Benemérita  Universidad Autónoma  de Puebla. México,NA
REVNOM-0137,Revista Pueblo,NA
REVNOM-0138,Revista Sophia Austral,NA
REVNOM-0139,Revista Studies in Higher Education ,NA
REVNOM-0140,"Revista Temas de Educación, Universidad de La Serena",NA
REVNOM-0141,Revista Temps i espais de memòria,NA
REVNOM-0142,Rumbos TS: Un espacio crítico para la reflexión en Ciencias Sociales,NA
REVNOM-0143,Schlüsselwerke der Stadtforschung,NA
REVNOM-0144,Señales ,NA
REVNOM-0145,Sistemas Sociales,NA
REVNOM-0146,Social Dialogue Journal of Social Work IASSW LATIN AMERICAN ISSUE,NA
REVNOM-0147,Social Work and the COVID-19 Pandemic,NA
REVNOM-0148,Street-Level Bureaucracy in Weak State Institutions,NA
REVNOM-0149,Student Movements in Late Neoliberalism,NA
REVNOM-0150,Studies of Childhoods in the Global South,NA
REVNOM-0151,The Digital Archeological Record (tDAR),NA
REVNOM-0152,The Routledge Handbook of Housing and Welfare,NA
REVNOM-0153,The Routledge Handbook of Social Work and Migration,NA
REVNOM-0154,The Struggle for Teacher Education,NA
REVNOM-0155,The Wiley-Blackwell Encyclopedia of Social and Political Movements,NA
REVNOM-0156,Towards a Comparative Analysis of Social Inequalities between Europe and Latin America,NA
REVNOM-0157,TS Cuadernos de Trabajo Social,NA
REVNOM-0158,Universidad de Chile,NA
REVNOM-0159,Validity of Educational Assessments in Chile and Latin America,NA
REVNOM-0160,Voces y propuestas educativas para otra educación. Perspectivas desde los contextos latinoamericanos,NA
REVNOM-0161,Zenodo (CERN European Organization for Nuclear Research),NA
