"nombre_completo","similitud","anio","anio_b","fuente","tipo_documento","clave_pub","titulo","fuente_b","tipo_documento_b","clave_pub_b","titulo_b"
"Anahi Verónica Josefina Urquiza Gómez",1,2022,2022,"SEPAVID","journal-article","10.1029/2021ef002217","A Cross-Cutting Approach for Relating Anthropocene, Environmental Injustice and Sacrifice Zones","OpenAlex","journal-article","10.5281/zenodo.5805050","A cross-cutting approach for relating Anthropocene, Environmental Injustice and Sacrifice Zones"
"Anahi Verónica Josefina Urquiza Gómez",1,2022,2021,"SEPAVID","journal-article","10.1029/2021ef002217","A Cross-Cutting Approach for Relating Anthropocene, Environmental Injustice and Sacrifice Zones","OpenAlex","journal-article","10.5281/zenodo.5791431","A cross-cutting approach for relating Anthropocene, Environmental Injustice and Sacrifice Zones"
"Anahi Verónica Josefina Urquiza Gómez",1,2025,2025,"ORCID","book-chapter","10.4337/9781800882829.00025","Replicable and context-specific: how co-production of knowledge can build resilience from the bottom-up to face climate change risk","SEPAVID","book-chapter","TIT:REPLICABLE AND CONTEXT-SPECIFIC: HOW CO-PRODUCTION OF KNOWLEDGE CAN BUILD RESILIENCE FROM THE BOTTOM-UP TO FACE CLIMATE CHANGE RISK","Replicable and context-specific: how co-production of knowledge can build resilience from the bottom-up to face climate change risk"
"Anahi Verónica Josefina Urquiza Gómez",1,2019,2019,"OpenAlex","journal-article","10.11565/pys.v33i1.258","Gobernanza policéntrica y problemas ambientales en el siglo XXI: desafíos de coordinación social para la distribución de recursos hídricos en Chile","OpenAlex","journal-article","10.53689/pys.v33i1.258","Gobernanza policéntrica y problemas ambientales en el siglo XXI: desafíos de coordinación social para la distribución de recursos hídricos en Chile"
"Anahi Verónica Josefina Urquiza Gómez",1,2021,2022,"OpenAlex","journal-article","10.5281/zenodo.5791431","A cross-cutting approach for relating Anthropocene, Environmental Injustice and Sacrifice Zones","OpenAlex","journal-article","10.5281/zenodo.5805050","A cross-cutting approach for relating Anthropocene, Environmental Injustice and Sacrifice Zones"
"Bernardo Francisco Amigo Latorre",1,2017,2017,"ORCID","journal-article","10.29101/crcs.v0i74.4381","Mobile communication technologies and ontological security","SEPAVID","journal-article","TIT:MOBILE COMMUNICATION TECHNOLOGIES AND ONTOLOGICAL SECURITY","Mobile communication technologies and ontological security"
"Carla María Pinochet Cobos",1,2021,2021,"OpenAlex","journal-article","10.7770/cuhso-v31n1-art2284","El giro creativo en el trabajo contemporáneo: una mirada crítica desde las condiciones laborales del campo cultural de Santiago de Chile","ORCID","journal-article","10.7770/cuhso.v31i1.2284","El giro creativo en el trabajo contemporáneo: una mirada crítica desde las condiciones laborales del campo cultural de Santiago de Chile"
"Carla María Pinochet Cobos",1,2016,2016,"OpenAlex","journal-article","10.4067/s0718-22952016000300005","Sociabilidad y nuevas tecnologías en las prácticas lectoras: Un estudio en Ciudad de México","ORCID","journal-article","TIT:SOCIABILIDAD Y NUEVAS TECNOLOGÍAS EN LAS PRÁCTICAS LECTORAS. UN ESTUDIO EN CIUDAD DE MÉXICO","SOCIABILIDAD Y NUEVAS TECNOLOGÍAS EN LAS PRÁCTICAS LECTORAS. UN ESTUDIO EN CIUDAD DE MÉXICO"
"Carla María Pinochet Cobos",1,2019,2019,"OpenAlex","journal-article","10.7770/0719-2789.2019.cuhso.03.a04","Antropología de las Ruinas. Desestabilización y fragmento","OpenAlex","journal-article","10.7770/cuhso-v29n2-art1852","Antropología de las Ruinas. Desestabilización y fragmento"
"Carla María Pinochet Cobos",0.925,2022,2022,"ORCID","journal-article","10.14393/eda-v3-n1-2022-63792","Formas provisorias de conjurar el pasado","ORCID","journal-article","10.14393/eda-v3-n1-2022-65434","Formas provisórias de conjurar o passado"
"Carlos Alejandro Andrade Guzmán",1,2023,2022,"SEPAVID","journal-article","10.1093/bjsw/bcac247","Psychosocial Professionals in Chilean Justice Institutions. Reflections Based on the Experiences and Practice of Psychologists and Social Workers","ORCID","journal-article","TIT:PSYCHOSOCIAL PROFESSIONALS IN CHILEAN JUSTICE INSTITUTIONS. REFLECTIONS BASED ON THE EXPERIENCES AND PRACTICE OF PSYCHOLOGISTS AND SOCIAL WORKERS","Psychosocial Professionals in Chilean Justice Institutions. Reflections Based on the Experiences and Practice of Psychologists and Social Workers"
"Carlos Alejandro Andrade Guzmán",1,2024,2024,"OpenAlex","journal-article","10.15257/ehquidad.2024.0008","Trabajo Social y colaboración intradisciplinar en asociaciones público-privadas en Chile. El caso del programa Abriendo Caminos","ORCID","journal-article","TIT:TRABAJO SOCIAL Y COLABORACIÓN INTRADISCIPLINAR EN ASOCIACIONES PÚBLICO-PRIVADAS EN CHILE. EL CASO DEL PROGRAMA ABRIENDO CAMINOS","Trabajo Social y colaboración intradisciplinar en asociaciones público-privadas en Chile. El caso del programa Abriendo Caminos"
"Carlos Alejandro Andrade Guzmán",0.913,2019,2019,"OpenAlex","journal-article","10.61303/07172257.v28i42.137","DESAFÍOS PARA LAS POLÍTICAS E INTERVENCIONES SOCIALES EN EL CONTEXTO SUDAMERICANO: REFLEXIONES EN MATERIA DE RELACIÓN PÚBLICA-PRIVADA Y ENCUENTRO ENTRE IMPLEMENTADORES/AS Y SUJETOS DE INTERVENCIÓN","ORCID","journal-article","TIT:DESAFÍOS PARA LAS POLÍTICAS SOCIALES EN EL CONTEXTO SUDAMERICANO: REFLEXIONES EN MATERIA DE RELACIÓN PÚBLICA-PRIVADA Y ENCUENTRO ENTRE IMPLEMENTADORES/AS Y SUJETOS DE INTERVENCIÓN","Desafíos para las políticas sociales en el contexto sudamericano: reflexiones en materia de relación pública-privada y encuentro entre implementadores/as y sujetos de intervención"
"Carlos Alejandro Andrade Guzmán",0.9,2024,2024,"SEPAVID","book-chapter","10.4324/9781003422402-9","Social Work Education: Prospects in Teaching Programmes in Chile","ORCID","book-chapter","TIT:SOCIAL WORK EDUCATION: FUTURE PROSPECTS IN TEACHING PROGRAMMES IN CHILE","Social Work Education: Future prospects in teaching programmes in Chile"
"Carlos Ignacio Díaz Cánepa",1,2016,2016,"SEPAVID","journal-article","10.15667/laborealxii0216cdc.","Gestión del cambio en las organizaciones: efectos sobre la actividad y las personas","OpenAlex","journal-article","10.4000/laboreal.2314","Gestión del cambio en las organizaciones: efectos sobre la actividad y las personas"
"Carlos Ignacio Díaz Cánepa",1,2016,2016,"OpenAlex","journal-article","10.15667/laborealxii0216cdc","Gestión del Cambio en las Organizaciones: efectos sobre la actividad y las personas","SEPAVID","journal-article","10.15667/laborealxii0216cdc.","Gestión del cambio en las organizaciones: efectos sobre la actividad y las personas"
"Carlos Ignacio Díaz Cánepa",1,2016,2016,"OpenAlex","journal-article","10.15667/laborealxii0216cdc","Gestión del Cambio en las Organizaciones: efectos sobre la actividad y las personas","OpenAlex","journal-article","10.4000/laboreal.2314","Gestión del cambio en las organizaciones: efectos sobre la actividad y las personas"
"Carolina Andrea Belmar Pantelis",1,2018,2018,"OpenAlex","journal-article","10.5354/rca.v0i37.49072","Saberes compartidos y particularidades regionales en las prácticas fumatorias de sociedades del periodo Alfarero Temprano del norte semiárido, centro y sur de Chile, América del Sur","ORCID","journal-article","TIT:SABERES COMPARTIDOS Y PARTICULARIDADES REGIONALES EN LAS PRÁCTICAS FUMATORIAS DE SOCIEDADES DEL PERIODO ALFARERO TEMPRANO DEL NORTE SEMIÁRIDO, CENTRO Y SUR DE CHILE, AMÉRICA DEL SUR","Saberes compartidos y particularidades regionales en las prácticas fumatorias de sociedades del periodo Alfarero Temprano del norte semiárido, centro y sur de Chile, América del Sur"
"Carolina Andrea Belmar Pantelis",0.989,2024,2024,"ORCID","book-chapter","10.1007/978-3-031-60552-9_29","Plant Consumption in the Northern Patagonian Archipelago (41–47° S, Chile) Since 6000 Years BP to Historical Times: An Integrative Vision Through Ceramic Use Residues and Human Dental Calculus","ORCID","book-chapter","TIT:PLANT CONSUMPTION IN THE NORTHERN PATAGONIAN ARCHIPELAGO (41-47° S, CHILE) SINCE 6000 YEARS BP TO HISTORICAL TIMES: AN INTEGRATIVE VISION THROUGH CERAMIC USE RESIDUES AND HUMAN DENTAL CALCULI.","Plant consumption in the northern Patagonian archipelago (41-47° s, Chile) since 6000 years BP to historical times: an integrative vision through ceramic use residues and human dental calculi."
"Carolina Beatriz Franch Maggiolo",1,2024,2024,"SEPAVID","journal-article","10.20960/nh.04923","Roles within domestic environments in Chile: the food gatekeeper","OpenAlex","journal-article","10.20960/nh.05520","Roles within domestic environments in Chile: the ""food gatekeeper"""
"Carolina Beatriz Franch Maggiolo",1,2019,2019,"OpenAlex","journal-article","10.5354/rca.v0i39.53967","Música y mujeres. La persistencia de los mandatos de género en las trayectorias artísticas de mujeres migrantes en Chile","ORCID","journal-article","TIT:MÚSICA Y MUJERES. LA PERSISTENCIA DE LOS MANDATOS DE GÉNERO EN LAS TRAYECTORIAS ARTÍSTICAS DE MUJERES MIGRANTES EN CHILE","Música y mujeres. La persistencia de los mandatos de género en las trayectorias artísticas de mujeres migrantes en Chile"
"Catalina Arteaga Aguirre",1,2021,2021,"ORCID","journal-article","10.7770/cuhso-v31n1-art2296","Tactics and strategies of women workers in the service sector in Chile facing the conflict, union participation, employment and care","SEPAVID","journal-article","10.7770/cuhso.v31i1.2296","Tactics and strategies of women workers in the service sector in Chile facing the conflict, union participation, employment and care"
"Catalina Arteaga Aguirre",1,2016,2016,"ORCID","journal-article","10.4206/rev.austral.cienc.soc.2016.n31-07","The meaning of work and the challenge of social positioning in Chile","SEPAVID","journal-article","TIT:THE MEANING OF WORK AND THE CHALLENGE OF SOCIAL POSITIONING IN CHILE","The meaning of work and the challenge of social positioning in Chile"
"Caterine Joanna Galaz Valderrama",1,2019,2019,"SEPAVID","journal-article","10.1590/0104-4060.62610","Public educational policies and sexualities in post-dictatorship Chile: opacities and hyper-visibilities of LGTBI subjects","ORCID","journal-article","TIT:PUBLIC EDUCATIONAL POLICIES AND SEXUALITIES IN POST-DICTATORSHIP CHILE: OPACITIES AND HYPER-VISIBILITIES OF LGTBI SUBJECTS","Public educational policies and sexualities in post-dictatorship Chile: opacities and hyper-visibilities of LGTBI subjects"
"Caterine Joanna Galaz Valderrama",1,2021,2021,"SEPAVID","journal-article","10.14507/epaa.29.5953","Resisting heterosexualization in secondary education: Tensions related to LGTB+ inclusion in Chile","ORCID","journal-article","TIT:RESISTING HETEROSEXUALIZATION IN SECONDARY EDUCATION: TENSIONS RELATED TO LGTB+ INCLUSION IN CHILE","Resisting heterosexualization in secondary education: Tensions related to LGTB+ inclusion in Chile"
"Caterine Joanna Galaz Valderrama",1,2021,2021,"OpenAlex","journal-article","10.32735/s0718-6568/2021-n60-1665","Prácticas de resistencia en pandemia. Miradas interseccionales","SEPAVID","journal-article","TIT:PRÁCTICAS DE RESISTENCIA EN PANDEMIA. MIRADAS INTERSECCIONALES","Prácticas de resistencia en pandemia. Miradas interseccionales"
"Caterine Joanna Galaz Valderrama",0.986,2022,2022,"SEPAVID","journal-article","10.1590/1807-0310/2022v34252086","ACADEMIC WORKING MOTHERS: OPACITIES, PRIVILEGES AND RESISTANCE IN A PANDEMIC","ORCID","journal-article","10.1590/1807-0310/2022v34252086-en","Academic working mothers: opacities, privileges and resistance un a Pandemic"
"Caterine Joanna Galaz Valderrama",0.97,2018,2018,"ORCID","journal-article","10.5027/psicoperspectivas-vol16-issue3-fulltext-1315","Sexual and gender diversity: Logic and uses in public action,Diversidades sexuales y de género: Lógicas y usos en la acción pública","ORCID","journal-article","TIT:SEXUAL AND GENDER DIVERSITIES: LOGICS AND USES IN PUBLIC ACTION. //DIVERSIDADES SEXUALES Y DE GÉNERO: LÓGICAS Y USOS EN LA ACCIÓN PÚBLICA.","Sexual and gender diversities: Logics and uses in public action. //Diversidades sexuales y de género: Lógicas y usos en la acción pública."
"Christian Esteban Miranda Jaña",1,2020,2020,"SEPAVID","journal-article","10.21703/rexe.20201941umana2","Uso educativo de TIC en un salón Montessori: diálogo entre la tecnología digital y los ritos de interacción social en el aula","ORCID","journal-article","TIT:USO EDUCATIVO DE TIC EN UN SALÓN MONTESSORI: DIÁLOGO ENTRE LA TECNOLOGÍA DIGITAL Y LOS RITOS DE INTERACCIÓN SOCIAL EN EL AULA","Uso educativo de TIC en un salón Montessori: diálogo entre la tecnología digital y los ritos de interacción social en el aula"
"Christian Esteban Miranda Jaña",1,2018,2017,"ORCID","journal-article","10.21879/faeeba2358-0194.2016.v25.n47.p51-62","ACREDITACIÓN DE PROGRAMA DE POSTGRADO MIXTO (ACADÉMICO-PROFESIONAL) EN CHILE: IMPRESIONES ACADÉMICAS PARA UN DEBATE PENDIENTE","OpenAlex","journal-article","10.21879/faeeba2358-0194.v25.n47.3208","ACREDITACIÓN DE PROGRAMA DE POSTGRADO MIXTO (ACADÉMICO-PROFESIONAL) EN CHILE: IMPRESIONES ACADÉMICAS PARA UN DEBATE PENDIENTE"
"Claudio Orlando Duarte Quapper",1,2023,2023,"OpenAlex","journal-article","10.22529/sp.2022.56.02","La calle como lugar de reconocimiento juvenil a las expulsiones adultocéntricas","ORCID","journal-article","TIT:LA CALLE COMO LUGAR DE RECONOCIMIENTO JUVENIL A LAS EXPULSIONES ADULTOCÉNTRICAS","La calle como lugar de reconocimiento juvenil a las expulsiones adultocéntricas"
"Cristian Esteban Radiszcz Sotomayor",1,2017,2017,"SEPAVID","journal-article","10.5354/0719-0581.2017.46689","Malestar y género: una aproximación a la experiencia onírica de jóvenes chilenos","ORCID","journal-article","TIT:MALESTAR Y GÉNERO: UNA APROXIMACIÓN A LA EXPERIENCIA ONÍRICA DE JÓVENES CHILENOS","Malestar y género: una aproximación a la experiencia onírica de jóvenes chilenos"
"Cristian Esteban Radiszcz Sotomayor",1,2019,2019,"SEPAVID","journal-article","10.22481/praxisedu.v15i36.5862","EXCESS OF ATTENTION. THE CONSTRUCTION OF A DISORDER IN CHILEAN SCHOOLS","ORCID","journal-article","10.22481/praxisedu.v15i36.5882","EXCESS OF ATTENTION. THE CONSTRUCTION OF A DISORDER IN CHILEAN SCHOOLS"
"Cynthia Yael Adlerstein Grimberg",1,2024,2024,"SEPAVID","journal-article","10.30827/profesorado.v28i1.29674","Building Professionalism from Early Childhood Education Professional Associations: Discourses from the Teachers in Chile","ORCID","journal-article","TIT:BUILDING PROFESSIONALISM FROM EARLY CHILDHOOD EDUCATION PROFESSIONAL ASSOCIATIONS: DISCOURSES FROM THE TEACHERS IN CHILE","Building Professionalism from Early Childhood Education Professional Associations: Discourses from the Teachers in Chile"
"Daniel Andrés Miranda Fuenzalida",0.969,2025,2025,"SEPAVID","book-chapter","10.4324/9781003282174-6","THE POLITICAL PARTICIPATION OF LATIN AMERICAN SCHOOL-AGE STUDENTS: Resources, Political Attitudes and Civic Learning Opportunities","ORCID","book-chapter","TIT:THE POLITICAL PARTICIPATION OF LATINA AMERICAN SCHOOL-AGE STUDENTS: RESOURCES, POLITICAL ATTIUDES AND CIVIC LEARNIGN OPPORTUNITIES","The Political Participation of Latina American School-age Students: Resources, Political Attiudes and Civic Learnign Opportunities"
"Daniel Fernando Johnson Mardones",1,2018,2018,"SEPAVID","book","10.4324/9781351254069","Curriculum studies as an international conversation: Educational traditions and cosmopolitanism in Latin America","ORCID","journal-article","TIT:CURRICULUM STUDIES AS AN INTERNATIONAL CONVERSATION: EDUCATIONAL TRADITIONS AND COSMOPOLITANISM IN LATIN AMERICA","Curriculum Studies as an International Conversation: Educational Traditions and Cosmopolitanism in Latin America"
"Daniel Fernando Johnson Mardones",1,2018,2018,"ORCID","book-chapter","10.4324/9781351254069-4","The Analytical-Synthetical","ORCID","journal-article","TIT:THE ANALYTICAL-SYNTHETICAL","The Analytical-Synthetical"
"Daniel Fernando Johnson Mardones",1,2018,2018,"ORCID","book-chapter","10.4324/9781351254069-3","The Regressive-Progressive","ORCID","journal-article","TIT:THE REGRESSIVE-PROGRESSIVE","The Regressive-Progressive"
"Daniel Fernando Johnson Mardones",1,2017,2017,"ORCID","journal-article","10.14288/tci.v14i1-2.189932","Internationalization and Pensamiento Curricular Latinoamericano","SEPAVID","journal-article","TIT:INTERNATIONALIZATION AND PENSAMIENTO CURRICULAR LATINOAMERICANO","Internationalization and Pensamiento Curricular Latinoamericano"
"Daniel Osvaldo Quiroz Larrea",1,2016,2016,"OpenAlex","journal-article","10.4067/s0718-22442016000100004","El procesamiento de ballenas varadas en las costas de la Patagonia occidental [a propósito de un grabado de mediados del siglo XIX]","ORCID","journal-article","TIT:EL PROCESAMIENTO DE BALLENAS VARADAS EN LAS COSTAS DE LA PATAGONIA OCCIDENTAL [A PROPÓSITO DE UN GRABADO DE MEDIADOS DEL SIGLO XIX]","EL PROCESAMIENTO DE BALLENAS VARADAS EN LAS COSTAS DE LA PATAGONIA OCCIDENTAL [A PROPÓSITO DE UN GRABADO DE MEDIADOS DEL SIGLO XIX]"
"Daniela Cecilia Thumala Dockendorff",1,2021,2021,"OpenAlex","journal-article","10.1002/alz.055601","The impact of COVID‐19 on the well‐being and cognition of older adults living in the United States and Latin America","SEPAVID","journal-article","10.1016/j.eclinm.2021.100848","The impact of COVID-19 on the well-being and cognition of older adults living in the United States and Latin America"
"Daniela Cecilia Thumala Dockendorff",1,2024,2024,"OpenAlex","journal-article","10.1002/alz.084760","Differences between white matter hyperintensities lesion load across allostatic load risk in cognitive complaint subjects","OpenAlex","journal-article","10.1002/alz.093625","Differences between white matter hyperintensities lesion load across allostatic load risk in cognitive complaint subjects"
"Daniela Cecilia Thumala Dockendorff",1,2024,2024,"OpenAlex","journal-article","10.1002/alz.089402","Impact of Grey Matter Volume and White Matter Hyperintensities on Functional Capacity for Activities of Daily Living: A Study in the Alzheimer's Disease Continuum","OpenAlex","journal-article","10.1002/alz.093831","Impact of Grey Matter Volume and White Matter Hyperintensities on Functional Capacity for Activities of Daily Living: A Study in the Alzheimer’s Disease Continuum"
"Eduardo Juan Aníbal Hamuy Pinto",1,2016,2016,"OpenAlex","journal-article","10.5354/0719-7462.1967.42197","Chile: El proceso de democratización acelerada","OpenAlex","journal-article","10.5354/rde.v0i18.42197","Chile: El proceso de democratización acelerada"
"Eduardo Juan Aníbal Hamuy Pinto",1,2017,2017,"OpenAlex","journal-article","10.5354/0717-8883.2017.47212","En torno a la Reforma Agraria","OpenAlex","journal-article","10.5354/anuc.v0i12.47212","En torno a la Reforma Agraria"
"Eduardo Juan Aníbal Hamuy Pinto",1,2016,2016,"OpenAlex","journal-article","10.5354/0718-2430.2006.43084","La cultura digital en la formación de diseñadores","OpenAlex","journal-article","10.5354/0719-837x.2006.43084","La cultura digital en la formación de diseñadores"
"Emiliano Nicolás Gissi Barbieri",1,2020,2020,"SEPAVID","journal-article","10.4067/s0719-26812020000300219","RESPUESTAS DE LOS PAÍSES DEL PACÍFICO SURAMERICANO ANTE LA MIGRACIÓN VENEZOLANA: ESTUDIO COMPARADO DE POLÍTICAS MIGRATORIAS EN COLOMBIA, ECUADOR Y PERÚ","ORCID","journal-article","TIT:“RESPUESTAS DE LOS PAÍSES DEL PACÍFICO SURAMERICANO ANTE LA MIGRACIÓN VENEZOLANA: ESTUDIO COMPARADO DE POLÍTICAS MIGRATORIAS EN COLOMBIA, ECUADOR Y PERÚ”","“Respuestas de los países del Pacífico Suramericano ante la migración venezolana: Estudio comparado de políticas migratorias en Colombia, Ecuador y Perú”"
"Emiliano Nicolás Gissi Barbieri",1,2020,2020,"SEPAVID","journal-article","10.7440/antipoda38.2020.07","¿Incorporación social de migrantes colombianos en Chile?: vulnerabilidad y lucha por el reconocimiento","ORCID","journal-article","TIT:“¿INCORPORACIÓN SOCIAL DE MIGRANTES COLOMBIANOS EN CHILE?: VULNERABILIDAD Y LUCHA POR EL RECONOCIMIENTO”","“¿Incorporación social de migrantes colombianos en Chile?: vulnerabilidad y lucha por el reconocimiento”"
"Emiliano Nicolás Gissi Barbieri",1,2021,2021,"SEPAVID","journal-article","10.7440/colombiaint106.2021.04","Migración internacional y política migratoria en Chile: tensiones entre la soberanía estatal y las ciudadanías emergentes","ORCID","journal-article","TIT:“MIGRACIÓN INTERNACIONAL Y POLÍTICA MIGRATORIA EN CHILE: TENSIONES ENTRE LA SOBERANÍA ESTATAL Y LAS CIUDADANÍAS EMERGENTES”","“Migración Internacional y Política Migratoria en Chile: tensiones entre la soberanía estatal y las ciudadanías emergentes”"
"Emiliano Nicolás Gissi Barbieri",1,2021,2021,"OpenAlex","journal-article","10.15332/25006681.7122","Migración haitiana en Chile 2020: barreras a la incorporación social, arraigo cuestionado y re-emigraciones","ORCID","journal-article","TIT:“MIGRACIÓN HAITIANA EN CHILE 2020: BARRERAS A LA INCORPORACIÓN SOCIAL, ARRAIGO CUESTIONADO Y RE-EMIGRACIONES”","“Migración haitiana en Chile 2020: barreras a la incorporación social, arraigo cuestionado y re-emigraciones”"
"Emiliano Nicolás Gissi Barbieri",1,2019,2019,"OpenAlex","journal-article","10.5354/rca.v0i39.53719","Biografías, fronteras y tránsitos: comunidad haitiana y falta de reconocimiento en la plural sociedad chilena","ORCID","journal-article","TIT:“BIOGRAFÍAS, FRONTERAS Y TRÁNSITOS: COMUNIDAD HAITIANA Y FALTA DE RECONOCIMIENTO EN LA PLURAL SOCIEDAD CHILENA”","“Biografías, fronteras y tránsitos: comunidad haitiana y falta de reconocimiento en la plural sociedad chilena”"
"Emiliano Nicolás Gissi Barbieri",0.906,2018,2018,"OpenAlex","journal-article","10.4067/s0717-73562018005001501","FRONTERAS INTERNAS Y HEGEMONÍAS PREDICATIVAS EN CHILE: EL CASO DE LA PATAGONIA AUSTRAL","ORCID","journal-article","TIT:“FRONTERAS INTERNAS Y HEGEMONÍAS PREDICATIVAS EN CHILE: EL CASO DE LA PATAGONIA”","“Fronteras internas y hegemonías predicativas en Chile: el caso de la Patagonia”"
"Emmanuelle Barozet",1,2016,2016,"OpenAlex","journal-article","10.1177/1866802x1600800304","Current Issues on the Political Representation of Middle Classes in Chile","SEPAVID","journal-article","TIT:CURRENT ISSUES ON THE POLITICAL REPRESENTATION OF MIDDLE CLASSES IN CHILE","Current Issues on the Political Representation of Middle Classes in Chile"
"Erika Viviana del Carmen Soto Aranda",1,2022,2022,"SEPAVID","journal-article","10.21703/0718-5162.v21.n45.2022.013","Evaluación para los aprendizajes en primera infancia: resignificando las prácticas evaluativas desde la Investigación-Acción","ORCID","journal-article","TIT:EVALUACIÓN PARA LOS APRENDIZAJES EN PRIMERA INFANCIA: RESIGNIFICANDO LAS PRÁCTICAS EVALUATIVAS DESDE LA INVESTIGACIÓN-ACCIÓN","Evaluación para los aprendizajes en primera infancia: resignificando las prácticas evaluativas desde la Investigación-Acción"
"Fabiola Valeska Maldonado García",0.974,2021,2021,"ORCID","journal-article","10.35305/revista.v0i41.190","Küpalme (la descendencia) como saber educativo intercultural desde la mirada de los Kimche (sabios) del pueblo Mapuche","SEPAVID","journal-article","TIT:EL KÜPALME (LA DESCENDENCIA) COMO SABER EDUCATIVO INTERCULTURAL DESDE LA MIRADA DE LOS KIMCHE (SABIOS) DEL PUEBLO MAPUCHE","EL KÜPALME (la descendencia) COMO SABER EDUCATIVO INTERCULTURAL DESDE LA MIRADA DE LOS KIMCHE (sabios) DEL PUEBLO MAPUCHE"
"Francisco Dagoberto Osorio González",1,2017,2017,"OpenAlex","journal-article","10.29101/crcs.v0i74.4381","Mobile communication technologies and ontological security","SEPAVID","journal-article","TIT:MOBILE COMMUNICATION TECHNOLOGIES AND ONTOLOGICAL SECURITY","Mobile communication technologies and ontological security"
"Francisco Javier Araos Leiva",1,2023,2023,"ORCID","journal-article","10.7770/cuhso-v33n2-art688","Otros-que-humanos: tensiones ontológicas en la implementación de la ley Lafkenche.","ORCID","journal-article","TIT:OTROS-QUE-HUMANOS: TENSIONES ONTOLÓGICAS EN LA IMPLEMENTACIÓN DE LA LEY LAFKENCHE","Otros-que-humanos: tensiones ontológicas en la implementación de la ley Lafkenche"
"Francisco Javier Araos Leiva",1,2020,2020,"OpenAlex","journal-article","10.32735/s0718-6568/2020-n57-1562","La recuperación de los comunes en el sur-austral: construcción institucional de Espacios Costeros Marinos de Pueblos Originarios","OpenAlex","journal-article","10.32735/s0718-6568/2021-n57-1562","La recuperación de los comunes en el sur-austral: construcción institucional de Espacios Costeros Marinos de Pueblos Originarios"
"Gabriela Alejandra Azócar de la Cruz",1,2017,2017,"OpenAlex","journal-article","10.15691/07194714.2017.003","Estrategias de manejo de crisis sociales por medio de políticas públicas: mitigación y reforma","ORCID","journal-article","TIT:ESTRATEGIAS DE MANEJO DE CRISIS SOCIALES POR MEDIO DE POLÍTICAS PÚBLICAS: MITIGACIÓN Y REFORMA","Estrategias de manejo de crisis sociales por medio de políticas públicas: mitigación y reforma"
"Germán Sergio Rozas Ossandón",1,2022,2022,"OpenAlex","journal-article","10.56058/rippc.v1ilanzamiento.11","Hacia nuevos fenómenos sociales del siglo XXI, desde la psicología social comunitaria decolonial","ORCID","journal-article","TIT:HACIA NUEVOS FENÓMENOS SOCIALES DEL SIGLO XXI, DESDE LA PSICOLOGÍA SOCIAL COMUNITARIA DECOLONIAL","Hacia nuevos fenómenos sociales del siglo XXI, desde la psicología social comunitaria decolonial"
"Gianinna Inés Muñoz Arce",1,2022,2022,"SEPAVID","book-chapter","10.4324/9781003194842-6","Chile woke up! political resistance of chilean social workers in the context of the 18-o movement","ORCID","book-chapter","TIT:CHAPTER SIX – CHILE WOKE UP! POLITICAL RESISTANCE OF CHILEAN SOCIAL WORKERS IN THE CONTEXT OF THE 18-O MOVEMENT","Chapter Six – Chile Woke Up! Political Resistance of Chilean Social Workers in the Context of the 18-O Movement"
"Gianinna Inés Muñoz Arce",1,2023,2023,"SEPAVID","book-chapter","10.51952/9781447364306.ch008","Social work in times of political violence: Dictatorships and acts of resistance from the Southern Cone","ORCID","book-chapter","10.56687/9781447364306-011","Social work in times of political violence: dictatorships and acts of resistance from the Southern Cone"
"Gianinna Inés Muñoz Arce",1,2024,2024,"SEPAVID","book-chapter","10.1093/oxfordhb/9780197650899.013.46","Looking for transformation in social work: Professional resistance as an analytical counterpoint","ORCID","book-chapter","TIT:LOOKING FOR TRANSFORMATION IN SOCIAL WORK: PROFESSIONAL RESISTANCE AS AN ANALYTICAL COUNTERPOINT","Looking for Transformation in Social Work: Professional Resistance as an Analytical Counterpoint"
"Gianinna Inés Muñoz Arce",1,2024,2024,"SEPAVID","book-chapter","10.4324/9781003317371-29","Academia and Gender Disparities: A Critical Historical Analysis of Academic Careers of Chilean Social Workers from a Feminist-Intersectional Approach","ORCID","book-chapter","TIT:ACADEMIA AND GENDER DISPARITIES: A CRITICAL HISTORICAL ANALYSIS OF ACADEMIC CAREERS OF CHILEAN SOCIAL WORKERS FROM A FEMINIST-INTERSECTIONAL APPROACH","Academia and gender disparities: A critical historical analysis of academic careers of Chilean social workers from a feminist-intersectional approach"
"Gianinna Inés Muñoz Arce",1,2025,2025,"ORCID","book-chapter","10.51952/9781447376118.ch006","Decolonising social work research and knowledge: transdisciplinary approaches and ecosocial perspectives in practice","SEPAVID","book-chapter","TIT:DECOLONISING SOCIAL WORK RESEARCH AND KNOWLEDGE: TRANSDISCIPLINARY APPROACHES AND ECOSOCIAL PERSPECTIVES IN PRACTICE","Decolonising social work research and knowledge: Transdisciplinary approaches and ecosocial perspectives in practice"
"Gianinna Inés Muñoz Arce",1,2024,2023,"ORCID","book-chapter","TIT:RESISTENCIAS PROFESIONALES EN LA PRIMERA LÍNEA DE IMPLEMENTACIÓN DE PROGRAMAS SOCIALES","Resistencias profesionales en la primera línea de implementación de programas sociales","ORCID","book-chapter","TIT:RESISTENCIAS PROFESIONALES EN LA PRIMERA LÍNEA DE IMPLEMENTACIÓN DE PROGRAMAS SOCIALES.","Resistencias profesionales en la primera línea de implementación de programas sociales."
"Gianinna Inés Muñoz Arce",1,2021,2020,"ORCID","journal-article","10.35305/tyd.v0i0.484","La Academia como trinchera","SEPAVID","journal-article","TIT:LA ACADEMIA COMO TRINCHERA","La Academia como trinchera"
"Gianinna Inés Muñoz Arce",1,2025,2025,"OpenAlex","journal-article","10.1177/14680173251318557","Profiles of professional resistance in street-level bureaucracy programs. A quantitative-multidimensional typology","ORCID","journal-article","TIT:PROFILES OF PROFESSIONAL RESISTANCE IN STREET-LEVEL BUREAUCRACY PROGRAMS. A QUANTITATIVE-MULTIDIMENSIONAL TYPOLOGY","Profiles of professional resistance in street-level bureaucracy programs. A quantitative-multidimensional typology"
"Gianinna Inés Muñoz Arce",1,2022,2022,"OpenAlex","journal-article","10.34019/1980-8518.2022.v22.36832","La posicionalidad geopolítica en la investigación bajo las exigencias del capitalismo cognitivo","ORCID","journal-article","TIT:LA POSICIONALIDAD GEOPOLÍTICA EN LA INVESTIGACIÓN BAJO LAS EXIGENCIAS DEL CAPITALISMO COGNITIVO","La posicionalidad geopolítica en la investigación bajo las exigencias del capitalismo cognitivo"
"Gianinna Inés Muñoz Arce",1,2018,2018,"OpenAlex","journal-article","10.53689/int.v8i2.58","Trabajo interprofesional en Chile: neoliberalismo y la producción de subjetividades profesionales críticas","ORCID","journal-article","TIT:TRABAJO INTERPROFESIONAL EN CHILE: NEOLIBERALISMO Y LA PRODUCCIÓN DE SUBJETIVIDADES PROFESIONALES CRÍTICAS","Trabajo interprofesional en Chile: neoliberalismo y la producción de subjetividades profesionales críticas"
"Gianinna Inés Muñoz Arce",1,2018,2018,"OpenAlex","journal-article","10.53689/int.v1i8.49","Intervención social y el territorio como clave de aproximación","ORCID","journal-article","TIT:INTERVENCIÓN SOCIAL Y EL TERRITORIO COMO CLAVE DE APROXIMACIÓN","Intervención social y el territorio como clave de aproximación"
"Gianinna Inés Muñoz Arce",1,2016,2016,"OpenAlex","journal-article","10.69733/clad.ryd.n65.a922","Revisitando el concepto de exclusión social: su relevancia para las políticas contra la pobreza en América Latina","ORCID","journal-article","TIT:REVISITANDO EL CONCEPTO DE EXCLUSIÓN SOCIAL: SU RELEVANCIA PARA LAS POLÍTICAS CONTRA LA POBREZA EN AMÉRICA LATINA","Revisitando el concepto de exclusión social: su relevancia para las políticas contra la pobreza en América Latina"
"Gianinna Inés Muñoz Arce",1,2021,2021,"OpenAlex","journal-article","10.53689/int.v10i2.97","Trabajadores y trabajadoras sociales de primera línea frente al COVID-19. Continuidades y transformaciones en Chile","ORCID","journal-article","TIT:TRABAJADORES Y TRABAJADORAS SOCIALES DE PRIMERA LÍNEA FRENTE AL COVID-19. CONTINUIDADES Y TRANSFORMACIONES EN CHILE","Trabajadores y trabajadoras sociales de primera línea frente al COVID-19. Continuidades y transformaciones en Chile"
"Gianinna Inés Muñoz Arce",1,2018,2018,"OpenAlex","journal-article","10.53689/int.v1i6.35","El lugar de enunciación y estrategias de intervención social: Nudos críticos en el abordaje integral de fenómenos sociales complejos","ORCID","journal-article","TIT:EL LUGAR DE ENUNCIACIÓN Y ESTRATEGIAS DE INTERVENCIÓN SOCIAL: NUDOS CRÍTICOS EN EL ABORDAJE INTEGRAL DE FENÓMENOS SOCIALES COMPLEJOS","El lugar de enunciación y estrategias de intervención social: Nudos críticos en el abordaje integral de fenómenos sociales complejos"
"Gianinna Inés Muñoz Arce",1,2018,2017,"OpenAlex","journal-article","10.53689/int.v1i7.41","El desafío de examinar las lógicas de intervención social hoy","ORCID","journal-article","TIT:EL DESAFÍO DE EXAMINAR LAS LÓGICAS DE INTERVENCIÓN SOCIAL HOY","El desafío de examinar las lógicas de intervención social hoy"
"Gianinna Inés Muñoz Arce",1,2018,2018,"OpenAlex","journal-article","10.53689/int.v1i8.56","María Isabel Llanos trabajadora social, Superintendencia de Servicios Sanitarios","ORCID","journal-article","TIT:MARÍA ISABEL LLANOS TRABAJADORA SOCIAL, SUPERINTENDENCIA DE SERVICIOS SANITARIOS","María Isabel Llanos trabajadora social, Superintendencia de Servicios Sanitarios"
"Gloria Beatriz Zavala Villalón",1,2019,2019,"SEPAVID","journal-article","10.32735/s0718-6568/2019-n54-1409","El Trabajo bajo el neoliberalismo: subcontratación en una universidad estatal chilena","ORCID","journal-article","TIT:EL TRABAJO BAJO EL NEOLIBERALISMO: SUBCONTRATACIÓN EN UNA UNIVERSIDAD ESTATAL CHILENA","El Trabajo bajo el neoliberalismo: subcontratación en una universidad estatal chilena"
"Gloria Beatriz Zavala Villalón",1,2018,2018,"ORCID","journal-article","10.5027/psicoperspectivas-vol17-issue3-fulltext-1377","Discurso millennial y desafíos en la gestión de recursos humanos en Chile","SEPAVID","journal-article","10.5027/psicoperspectivas/vol17-issue3-fulltext-1377","Discurso millennial y desafíos en la gestión de recursos humanos en Chile"
"Gloria Beatriz Zavala Villalón",1,2025,2025,"OpenAlex","journal-article","10.4067/s0718-07052025000300187","Narrativas identitarias de estudiantes que ingresaron a la universidad a través de políticas de acción afirmativa","ORCID","journal-article","TIT:NARRATIVAS IDENTITARIAS DE ESTUDIANTES QUE INGRESARON A LA UNIVERSIDAD A TRAVÉS DE POLÍTICAS DE ACCIÓN AFIRMATIVA","Narrativas identitarias de estudiantes que ingresaron a la universidad a través de políticas de acción afirmativa"
"Gonzalo Renato Quintana Zunino",0.93,2024,2025,"ORCID","journal-article","10.1007/s10508-024-02933-2","Do Sex and Gender Have Separate Identities?","ORCID","journal-article","10.1007/s10508-025-03164-9","Yes, Sex and Gender Have Separate Identities!"
"Hillary Carroll Hiner",1,2022,2023,"ORCID","journal-article","10.1590/1807-0310/2022v34252086","MADRES TRABAJADORAS ACADÉMICAS: OPACIDADES, PRIVILEGIOS Y RESISTENCIAS EN PANDEMIA","ORCID","journal-article","TIT:MADRES TRABAJADORAS ACADÉMICAS: OPACIDADES, PRIVILEGIOS Y RESISTENCIAS EN PANDEMIA","Madres trabajadoras académicas: opacidades, privilegios y resistencias en pandemia"
"Hugo Rodrigo Cadenas Ramos",1,2016,2016,"OpenAlex","journal-article","10.15691/07194714.2016.002","Desigualdad social y teoría de sistemas: la importancia de los medios","ORCID","journal-article","TIT:DESIGUALDAD SOCIAL Y TEORÍA DE SISTEMAS: LA IMPORTANCIA DE LOS MEDIOS","Desigualdad social y teoría de sistemas: la importancia de los medios"
"Hugo Rodrigo Cadenas Ramos",1,2020,2020,"OpenAlex","journal-article","10.47456/simbitica.v7i1.30979","El sistema de la pandemia: apuntes sociológicos","ORCID","journal-article","TIT:EL SISTEMA DE LA PANDEMIA: APUNTES SOCIOLÓGICOS","El sistema de la pandemia: apuntes sociológicos"
"Hugo Rodrigo Cadenas Ramos",1,2021,2021,"OpenAlex","journal-article","10.38178/07183089/1349200323","Crítica a la Crítica de la razón cínica: en defensa de una kinicología recursiva","ORCID","book","TIT:CRÍTICA A LA ""CRÍTICA DE LA RAZÓN CÍNICA"": EN DEFENSA DE UNA KINICOLOGÍA RECURSIVA","Crítica a la ""Crítica de la razón cínica"": en defensa de una kinicología recursiva"
"Hugo Rodrigo Cadenas Ramos",0.918,2021,2021,"OpenAlex","journal-article","10.38178/07183089/1826210311","El temor de Diógenes: respuesta a los comentadores","ORCID","book","TIT:EL TEMOR DE DIÓGENES: RESPUESTA A LOS COMENTARIOS","El temor de Diógenes: respuesta a los comentarios"
"Hugo Torres Contreras",1,2024,2024,"SEPAVID","journal-article","10.14411/eje.2024.036","Seasonal niche differentiation of Camponotus morosus and Dorymyrmex goetschi (Hymenoptera: Formicidae) in sandy beach habitats: Insights from stable isotope analysis","ORCID","journal-article","TIT:SEASONAL NICHE DIFFERENTIATION OF CAMPONOTUS MOROSUS AND DORYMYRMEX GOETSCHI (HYMENOPTERA: FORMICIDAE) IN SANDY BEACH HABITATS: INSIGHTS FROM STABLE ISOTOPE ANALYSIS","Seasonal niche differentiation of Camponotus morosus and Dorymyrmex goetschi (Hymenoptera: Formicidae) in sandy beach habitats: Insights from stable isotope analysis"
"Hugo Torres Contreras",1,2023,2023,"ORCID","journal-article","10.26352/h316_2384-9509","Tales and haiku as pedagogical strategies to enhance empathy for living beings and care for nature of future early childhood educators","SEPAVID","book-chapter","TIT:TALES AND HAIKU AS PEDAGOGICAL STRATEGIES TO ENHANCE EMPATHY FOR LIVING BEINGS AND CARE FOR NATURE OF FUTURE EARLY CHILDHOOD EDUCATORS","Tales and Haiku as Pedagogical Strategies to Enhance Empathy For Living Beings and Care for Nature of Future Early Childhood Educators"
"Hugo Torres Contreras",1,2022,2022,"ORCID","journal-article","10.31619/caledu.n56.1180","¿Cómo se aborda la educación para el desarrollo sostenible en educación parvularia en Chile?","SEPAVID","journal-article","TIT:¿CÓMO SE ABORDA LA EDUCACIÓN PARA EL DESARROLLO SOSTENIBLE EN EDUCACIÓN PARVULARIA EN CHILE?","¿Cómo se aborda la educación para el desarrollo sostenible en educación parvularia en Chile?"
"Héctor Freddy Morales Morgado",1,2016,2016,"SEPAVID","journal-article","10.4067/s0718-10432016005000003","MINING AND INTERETHNIC RELATIONS IN ATACAMA","ORCID","journal-article","TIT:MINING AND INTERETHNIC RELATIONS IN ATACAMA","Mining and interethnic relations in Atacama"
"Héctor Freddy Morales Morgado",1,2024,2024,"SEPAVID","journal-article","10.4067/s0719-26812024000300109","ETHNOGRAPHY OF THE EMERGENCE AND DEVELOPMENT OF TOURISM IN AN ETHNIC SPACE. THE CASE OF SAN PEDRO DE ATACAMA, NORTHERN CHILE (1950–2022)","ORCID","journal-article","TIT:ETHNOGRAPHY OF THE EMERGENCE AND DEVELOPMENT OF TOURISM IN AN ETHNIC SPACE. THE CASE OF SAN PEDRO DE ATACAMA, NORTHERN CHILE (1950-2022).","Ethnography of the emergence and development of tourism in an ethnic space. The case of San Pedro de Atacama, northern Chile (1950-2022)."
"Héctor Freddy Morales Morgado",1,2018,2018,"OpenAlex","journal-article","10.5354/0719-1472.2018.49515","Viajes e intercambios entre las comunidades argentinas y chilenas en la puna atacameña (segunda mitad del siglo XX)","OpenAlex","journal-article","10.5354/rca.v0i37.49515","Viajes e intercambios entre las comunidades argentinas y chilenas en la puna atacameña (segunda mitad del siglo XX)"
"Héctor Freddy Morales Morgado",1,2019,2019,"OpenAlex","journal-article","10.5354/rca.v0i39.53720","Crónica analítica de un triunfo etnoambiental en el Salar Atacama: Pampa Colorada","ORCID","journal-article","TIT:CRÓNICA ANALÍTICA DE UN TRIUNFO ETNOAMBIENTAL EN EL SALAR ATACAMA: PAMPA COLORADA.","Crónica analítica de un triunfo etnoambiental en el Salar Atacama: Pampa Colorada."
"Héctor Freddy Morales Morgado",1,2023,2023,"OpenAlex","journal-article","10.4067/s0719-26812023000200210","FÚTBOL Y ETNICIDAD EN UN AYLLU DE SAN PEDRO DE ATACAMA: CLUB DEPORTIVO HURACÁN DE SÉQUITOR","SEPAVID","journal-article","TIT:FÚTBOL Y ETNICIDAD EN UN AYLLU DE SAN PEDRO DE ATACAMA: CLUB DEPORTIVO HURACÁN DE SÉQUITOR","FÚTBOL Y ETNICIDAD EN UN AYLLU DE SAN PEDRO DE ATACAMA: CLUB DEPORTIVO HURACÁN DE SÉQUITOR"
"Héctor Freddy Morales Morgado",0.912,2022,2022,"SEPAVID","journal-article","10.22199/issn.0718-1043-2022-0017","Salt culture on the Atacama Puna","ORCID","journal-article","TIT:SALT CULTURE IN THE ATACAMEÑA PUNA","Salt Culture in the Atacameña Puna"
"Héctor Freddy Morales Morgado",0.907,2016,2016,"SEPAVID","journal-article","10.4067/s0718-10432016005000011","ATACAMENIAN ETHNOPOLITICS: AXES OF DIVERSITY","ORCID","journal-article","TIT:ATACAMA ETHNOPOLITICS: AXES OF DIVERSITY","Atacama ethnopolitics: Axes of diversity"
"Isabel Piper Shafir",1,2018,2018,"ORCID","journal-article","10.29092/uacm.v15i37.632","Plotting resistances: memories of local conflicts in Valle del Huasco, Chile","SEPAVID","journal-article","TIT:PLOTTING RESISTANCES: MEMORIES OF LOCAL CONFLICTS IN VALLE DEL HUASCO, CHILE","PLOTTING RESISTANCES: MEMORIES OF LOCAL CONFLICTS IN VALLE DEL HUASCO, CHILE"
"Ivette González Sarkis",1,2025,2025,"ORCID","journal-article","10.20453/spirat.v3ine1.5550","Repensando la evaluación en Psicología: Una experiencia de innovación y reflexividad docente","ORCID","journal-article","TIT:REPENSANDO LA EVALUACIÓN EN PSICOLOGÍA: UNA EXPERIENCIA DE INNOVACIÓN Y REFLEXIVIDAD DOCENTE","Repensando la evaluación en Psicología: Una experiencia de innovación y reflexividad docente"
"Javiera Andrea Cubillos Almendra",1,2024,2024,"OpenAlex","journal-article","10.12804/revistas.urosario.edu.co/territorios/a.13117","Reproducción vecinal de la vida en contexto de crisis: recotidianización, entramados comunitarios y familiariadad pública. Casos en Concepción y Talca (Chile)","ORCID","journal-article","10.12804/revistas.urosario.edu.co/territorios/n.trt.vi51","Reproducción vecinal de la vida en contexto de crisis: recotidianización, entramados comunitarios y familiariadad pública. Casos en Concepción y Talca (Chile)"
"Jenniffer Katherine Miranda Miranda",1,2021,2021,"OpenAlex","journal-article","10.6018/analesps.37.1.429651","Child perspectives on growing up with gender-based intimate partner violence at home","SEPAVID","journal-article","10.6018/analesps.429651","Child perspectives on growing up with gender-based intimate partner violence at home"
"Johanna de Lourdes Madrigal Calderón",1,2024,2024,"ORCID","journal-article","10.53689/int.v14i1.209","(DES) COORDINACIÓN DE LA OFERTA: OBSERVACIÓN DE ESTRATEGIAS PARA ABORDAR LA VIOLENCIA EN EL POLOLEO CON JUVENTUDES DE PUERTO AYSÉN","ORCID","journal-article","TIT:(DES) COORDINACIÓN DE LA OFERTA: OBSERVACIÓN DE ESTRATEGIAS PARA ABORDAR LA VIOLENCIA EN EL POLOLEO CON JUVENTUDES DE PUERTO AYSÉN","(DES) COORDINACIÓN DE LA OFERTA: OBSERVACIÓN DE ESTRATEGIAS PARA ABORDAR LA VIOLENCIA EN EL POLOLEO CON JUVENTUDES DE PUERTO AYSÉN"
"Jorge Fabián Cabaluz Ducasse",1,2017,2017,"OpenAlex","journal-article","10.25074/07195532.10.429","La dialéctica de la hegemonía y el problema pedagógico como praxis político-transformadora. Reflexiones desde Gramsci para América Latina","OpenAlex","journal-article","10.25074/429","La dialéctica de la hegemonía y el problema pedagógico como praxis político-transformadora. Reflexiones desde Gramsci para América Latina"
"Juan Carlos Castillo Valenzuela",1,2025,2025,"OpenAlex","journal-article","10.1098/rsos.241038","The reliability of replications: a study in computational reproductions","SEPAVID","journal-article","10.6084/m9.figshare.c.7655134","The reliability of replications: a study in computational reproductions"
"Karina Isabel Navarro Rodríguez",1,2016,2016,"SEPAVID","journal-article","TIT:RECENT DEVELOPMENTS IN STATISTICS: THEORETICAL AND METHODOLOGICAL CONTRIBUTIONS TO SOCIOLOGICAL RESEARCH","RECENT DEVELOPMENTS IN STATISTICS: THEORETICAL AND METHODOLOGICAL CONTRIBUTIONS TO SOCIOLOGICAL RESEARCH","ORCID","journal-article","TIT:RECENT DEVELOPMENTS IN STATISTICS: THEORETICAL AND METHODOLOGICAL CONTRIBUTIONS TO SOCIOLOGICAL RESEARCH.","Recent developments in statistics: theoretical and methodological contributions to sociological research."
"Lelya Elena Troncoso Pérez",1,2024,2024,"SEPAVID","book-chapter","10.4324/9781003317371-8","Tensions and Dialogues between Intersectional and Decolonial Feminist Contributions to Latin American Social Work","ORCID","book-chapter","TIT:TENSIONS AND DIALOGUES BETWEEN INTERSECTIONAL AND DECOLONIAL FEMINIST CONTRIBUTIONS TO LATIN AMERICAN SOCIAL WORK","Tensions and dialogues between intersectional and decolonial feminist contributions to Latin American Social Work"
"Lelya Elena Troncoso Pérez",1,2019,2020,"OpenAlex","journal-article","10.5354/no.v0i28.57451","La agenda heteropatriarcal en Chile: Cruces entre política, moral y religión contra la ""ideología de género""","ORCID","journal-article","TIT:LA AGENDA HETEROPATRIARCAL EN CHILE: CRUCES ENTRE POLÍTICA, MORAL Y RELIGIÓN CONTRA LA ""IDEOLOGÍA DE GÉNERO""","La agenda heteropatriarcal en Chile: Cruces entre política, moral y religión contra la ""ideología de género"""
"Lelya Elena Troncoso Pérez",1,2021,2021,"OpenAlex","journal-article","10.5354/2735-6620.2021.61580","Posibilidades y límites de la intervención pública dirigida a personas LGTB+ en Chile","ORCID","journal-article","TIT:POSIBILIDADES Y LÍMITES DE LA INTERVENCIÓN PÚBLICA DIRIGIDA A PERSONAS LGTB+ EN CHILE","Posibilidades y límites de la intervención pública dirigida a personas LGTB+ en Chile"
"Lorena Andrea Pérez Roa",1,2019,2019,"OpenAlex","journal-article","10.5281/zenodo.4557825","Emprendedores por necesidad: el emprendimiento como estrategia de pago de deudas en un contexto precariedad laboral","ORCID","journal-article","TIT:EMPRENDEDORES POR NECESIDAD: EL EMPRENDIMIENTO COMO ESTRATEGIA DE PAGO DE DEUDAS EN UN CONTEXTO PRECARIEDAD LABORAL","Emprendedores por necesidad: el emprendimiento como estrategia de pago de deudas en un contexto precariedad laboral"
"Loreto Evelyn Leiva Bahamondes",1,2018,2018,"SEPAVID","journal-article","10.4067/s0718-48082017000300023","Validation of the Scale of Emotional and Behavioral Problems Youth Self Report (YSR / 11-18) in Chilean adolescents","ORCID","journal-article","TIT:VALIDATION OF THE SCALE OF EMOTIONAL AND BEHAVIORAL PROBLEMS YOUTH SELF REPORT (YSR / 11-18) IN CHILEAN ADOLESCENTS","Validation of the Scale of Emotional and Behavioral Problems Youth Self Report (YSR / 11-18) in Chilean adolescents"
"Loreto Evelyn Leiva Bahamondes",1,2023,2023,"SEPAVID","journal-article","10.14198/cuid.2023.65.03","University mental health: from the perception of a nursing student from a Chilean university","ORCID","journal-article","TIT:UNIVERSITY MENTAL HEALTH: FROM THE PERCEPTION OF A NURSING STUDENT FROM A CHILEAN UNIVERSITY","University mental health: from the perception of a nursing student from a Chilean university"
"Mahia Saracostti Schwartzman",1,2025,2024,"SEPAVID","journal-article","10.1016/j.psicod.2024.500159","The predictive influence of family, teachers, and peers on affective, cognitive, and behavioral school engagement in primary and secondary school students","OpenAlex","journal-article","10.1016/j.psicoe.2024.500159","The predictive influence of family, teachers, and peers on affective, cognitive, and behavioral school engagement in primary and secondary school students"
"Manuel Antonio Eliseo Garretón Merino",1,2024,2023,"OpenAlex","journal-article","10.7274/26126863","Popular Mobilization and the Military Regime in Chile: The Complexities of the Invisible Transition","SEPAVID","book-chapter","TIT:POPULAR MOBILIZATION AND THE MILITARY REGIME IN CHILE: THE COMPLEXITIES OF THE INVISIBLE TRANSITION","Popular Mobilization and the Military Regime in Chile: The Complexities of the Invisible Transition"
"Manuel Antonio Eliseo Garretón Merino",1,2021,2021,"OpenAlex","journal-article","10.22201/iis.01882503p.2021.0.60073","¿Cambio epocal? Reflexiones en dos momentos de la pandemia","OpenAlex","journal-article","10.22201/iis.01882503p.2021.e.60073","¿Cambio epocal? Reflexiones en dos momentos de la pandemia"
"Marcela Patricia Ferrer Lues",1,2017,2016,"SEPAVID","journal-article","TIT:LAY CROWD-SOURCED EXPERTISE (LCE) AND ITS INFLUENCE ON THE NEW ROLE OF PATIENTS: ETHICAL AND SOCIETAL ISSUES","Lay Crowd-Sourced Expertise (LCE) and Its Influence on the New Role of Patients: Ethical and Societal Issues","ORCID","journal-article","TIT:LAY CROWD-SOURCED EXPERTISE (LCE) AND ITS INFLUENCE ON THE NEW ROLE OF PATIENTS: ETHICAL AND SOCIETAL ISSUES.","Lay Crowd-Sourced Expertise (LCE) and Its Influence on the New Role of Patients: Ethical and Societal Issues."
"Marcela Patricia Ferrer Lues",1,2018,2018,"SEPAVID","journal-article","10.3233/978-1-61499-880-8-237","Patients' Perception of Privacy of Personal Data, Shared in Online Communities: Are We in the Presence of a Paradox?","ORCID","journal-article","TIT:PATIENTS' PERCEPTION OF PRIVACY OF PERSONAL DATA, SHARED IN ONLINE COMMUNITIES: ARE WE IN THE PRESENCE OF A PARADOX?","Patients' Perception of Privacy of Personal Data, Shared in Online Communities: Are We in the Presence of a Paradox?"
"Mario Arturo Laborda Rojas",1,2018,2018,"SEPAVID","journal-article","10.5354/0719-0581.2018.50755","La historia de la psicología en América Latina: editorial","ORCID","journal-article","TIT:LA HISTORIA DE LA PSICOLOGÍA EN AMÉRICA LATINA: EDITORIAL","La historia de la psicología en América Latina: editorial"
"Mario Arturo Laborda Rojas",1,2018,2018,"SEPAVID","journal-article","10.5354/0719-0581.2019.52315","Principales indicadores bibliométricos de la Revista de Psicología (1990-2016)","ORCID","journal-article","TIT:PRINCIPALES INDICADORES BIBLIOMÉTRICOS DE LA REVISTA DE PSICOLOGÍA (1990-2016)","Principales indicadores bibliométricos de la Revista de Psicología (1990-2016)"
"Mario Arturo Laborda Rojas",1,2019,2018,"OpenAlex","journal-article","10.5354/0719-0581.2018.52315","Principales indicadores bibliométricos de la Revista de Psicología (1990-2016)","SEPAVID","journal-article","10.5354/0719-0581.2019.52315","Principales indicadores bibliométricos de la Revista de Psicología (1990-2016)"
"Mario Arturo Laborda Rojas",1,2019,2018,"OpenAlex","journal-article","10.5354/0719-0581.2018.52315","Principales indicadores bibliométricos de la Revista de Psicología (1990-2016)","ORCID","journal-article","TIT:PRINCIPALES INDICADORES BIBLIOMÉTRICOS DE LA REVISTA DE PSICOLOGÍA (1990-2016)","Principales indicadores bibliométricos de la Revista de Psicología (1990-2016)"
"Mario Arturo Laborda Rojas",0.987,2018,2018,"OpenAlex","journal-article","10.7764/psykhe.28.4.1640","Una Clave de Extinción No Logra Prevenir la Recáda en Extinción Pavloviana","ORCID","journal-article","10.7764/psykhe.28.4.1707","Una Clave de Extinción No Logra Prevenir la Recaída en Extinción Pavloviana"
"Mario Arturo Laborda Rojas",0.907,2016,2016,"SEPAVID","journal-article","10.7714/cnps/10.2.201","Chronicle of the Laboratorio de Psicologia Experimental: Prof. Ronald Betancourt Mainhard (1999-2016)","ORCID","journal-article","TIT:CRÓNICA DEL LABORATORIO DE PSICOLOGÍA EXPERIMENTAL: PROF. RONALD BETANCOURT MAINHARD (1999-2016)","Crónica del Laboratorio de Psicología Experimental: Prof. Ronald Betancourt Mainhard (1999-2016)"
"Marisol Yazmín Ximena Facuse Muñoz",1,2019,2019,"OpenAlex","journal-article","10.5354/0717-8883.2019.54724","Migración y ciudad. Transformaciones y nuevas sociabilidades en la ciudad intermedia a partir de la llegada de comunidades migrantes","ORCID","journal-article","TIT:MIGRACIÓN Y CIUDAD. TRANSFORMACIONES Y NUEVAS SOCIABILIDADES EN LA CIUDAD INTERMEDIA A PARTIR DE LA LLEGADA DE COMUNIDADES MIGRANTES","Migración y ciudad. Transformaciones y nuevas sociabilidades en la ciudad intermedia a partir de la llegada de comunidades migrantes"
"María Emilia Tijoux Merino",1,2022,2021,"ORCID","journal-article","10.4324/9781003090519-1","The Beautiful Black Girl","ORCID","book-chapter","TIT:THE BEAUTIFUL BLACK GIRL","The Beautiful Black Girl"
"María Emilia Tijoux Merino",1,2021,2021,"ORCID","journal-article","TIT:""MIGRANT LABOR"": ACCUMULATION BY DISPOSSESSION IN THE PRESENT-DAY CHILE","""Migrant labor"": accumulation by dispossession in the present-day Chile","SEPAVID","journal-article","TIT:MIGRANT LABOR: ACCUMULATION BY DISPOSSESSION IN THE PRESENT-DAY CHILE","Migrant labor: accumulation by dispossession in the present-day Chile"
"María Emilia Tijoux Merino",1,2021,2021,"ORCID","journal-article","TIT:""MIGRANT LABOR"": ACCUMULATION BY DISPOSSESSION IN THE PRESENT-DAY CHILE","""Migrant labor"": accumulation by dispossession in the present-day Chile","ORCID","journal-article","TIT:“MIGRANT LABOR"": ACCUMULATION BY DISPOSSESSION IN THE PRESENT-DAY CHILE","“Migrant labor"": accumulation by dispossession in the present-day Chile"
"María Emilia Tijoux Merino",1,2021,2021,"ORCID","journal-article","TIT:“MIGRANT LABOR"": ACCUMULATION BY DISPOSSESSION IN THE PRESENT-DAY CHILE","“Migrant labor"": accumulation by dispossession in the present-day Chile","SEPAVID","journal-article","TIT:MIGRANT LABOR: ACCUMULATION BY DISPOSSESSION IN THE PRESENT-DAY CHILE","Migrant labor: accumulation by dispossession in the present-day Chile"
"María Emilia Tijoux Merino",0.932,2018,2018,"ORCID","journal-article","TIT:<I>INTRODUCTION</I>: MIGRATION AND THE VALUE OF SOCIAL SCIENCES","<i>Introduction</i>: Migration and the value of Social Sciences","ORCID","journal-article","TIT:INTRODUCTION: MIGRATION AND THE VALUE OF SOCIAL SCIENCES","Introduction: Migration and the value of Social Sciences"
"María Emilia Tijoux Merino",0.924,2023,2023,"ORCID","journal-article","10.4206/rev.austral.cienc.soc.2023.n44-01","Inter and transdisciplinary reflections on contemporary migrations between law and sociology","SEPAVID","journal-article","TIT:INTER-AND TRANSDISCIPLINARY REFLECTIONS ON CONTEMPORARY MIGRATIONS FROM LAW AND SOCIOLOGY","Inter-and Transdisciplinary Reflections on Contemporary Migrations from Law and Sociology"
"María Gabriela Rubilar Donoso",1,2021,2021,"SEPAVID","journal-article","10.4067/s0718-22362021000300004","Experiencias intergeneracionales sobre encierros: pasados, presentes y futuros. Detonantes y reflexiones en clave biográfica tras la pandemia de SARS-CoV-2","ORCID","journal-article","TIT:EXPERIENCIAS INTERGENERACIONALES SOBRE ENCIERROS: PASADOS, PRESENTES Y FUTUROS. DETONANTES Y REFLEXIONES EN CLAVE BIOGRÁFICA TRAS LA PANDEMIA DE SARS-COV-2","Experiencias intergeneracionales sobre encierros: pasados, presentes y futuros. Detonantes y reflexiones en clave biográfica tras la pandemia de SARS-CoV-2"
"María Gabriela Rubilar Donoso",1,2018,2018,"OpenAlex","journal-article","10.25074/rantros.v2i3.830","Un asimétrico escenario de relaciones. Valoración de dirigentes mapuche acerca de las relaciones interétnicas. Análisis desde un enfoque triangular","ORCID","journal-article","TIT:UN ASIMÉTRICO ESCENARIO DE RELACIONES. VALORACIÓN DE DIRIGENTES MAPUCHE ACERCA DE LAS RELACIONES INTERÉTNICAS. ANÁLISIS DESDE UN ENFOQUE TRIANGULAR","Un asimétrico escenario de relaciones. Valoración de dirigentes mapuche acerca de las relaciones interétnicas. Análisis desde un enfoque triangular"
"María Isabel Cartajena Fasting",1,2019,2019,"OpenAlex","journal-article","10.4000/bifea.10458","Nichos, cámaras y ceremonias en el templete Tulán-54 (Circumpuna de Atacama, Chile)","ORCID","journal-article","TIT:NICHOS, CÁMARAS Y CEREMONIAS EN EL TEMPLETE TULÁN-54 (CIRCUMPUNA DE ATACAMA, CHILE)","Nichos, cámaras y ceremonias en el templete Tulán-54 (Circumpuna de Atacama, Chile)"
"María Isabel Cartajena Fasting",1,2023,2024,"OpenAlex","journal-article","10.1016/j.qsa.2023.100143","Identifying non-anthropogenic accumulation in zooarchaeological assemblages using naive Bayesian classifier: A trace-oriented actualistic taphonomic approach in the hyperarid coasts of the Atacama desert","ORCID","journal-article","TIT:IDENTIFYING NON-ANTHROPOGENIC ACCUMULATION IN ZOOARCHAEOLOGICAL ASSEMBLAGES USING NAIVE BAYESIAN CLASSIFIER: A TRACE-ORIENTED ACTUALISTIC TAPHONOMIC APPROACH IN THE HYPERARID COASTS OF THE ATACAMA DESERT","Identifying non-anthropogenic accumulation in zooarchaeological assemblages using naive Bayesian classifier: A trace-oriented actualistic taphonomic approach in the hyperarid coasts of the Atacama desert"
"María Sol Anigstein",1,2020,2020,"SEPAVID","journal-article","10.4422/ager.2020.05","Implications of public purchases from family farming: Reflections on the chilean case","ORCID","journal-article","TIT:IMPLICATIONS OF PUBLIC PURCHASES FROM FAMILY FARMING: REFLECTIONS ON THE CHILEAN CASE.","Implications of public purchases from family farming: reflections on the Chilean case."
"María Sol Anigstein",1,2021,2021,"OpenAlex","journal-article","10.5354/0719-1472.2021.64434","Desafíos para la antropología de la salud: Repensando un abordaje teórico-metodológico para la formación, la investigación y la acción","OpenAlex","journal-article","10.5354/rca.v0i43.64434","Desafíos para la antropología de la salud: Repensando un abordaje teórico-metodológico para la formación, la investigación y la acción"
"Mauricio Iván Uribe Rodríguez",1,2019,2019,"OpenAlex","journal-article","10.18800/boletindearqueologiapucp.201901.008","Avances en petrografía automatizada: cerámicas tempranas de Guatacondo, norte de Chile (900 a.C-200 d.C.)","OpenAlex","journal-article","10.18800/boletindearqueologiapucp.201901.009","Avances en petrografía automatizada: cerámicas tempranas de Guatacondo, norte de Chile (900 a.C-200 d.C.)"
"Nicole Paulina Fuenzalida Bahamondes",1,2023,2023,"SEPAVID","journal-article","10.15381/dds.n11.25861","Hacer un lugar desde los bordes del sur: arqueología en Chile, memoria y pasado-presente de las dictaduras","ORCID","journal-article","TIT:HACER UN LUGAR DESDE LOS BORDES DEL SUR: ARQUEOLOGÍA EN CHILE, MEMORIA Y PASADO-PRESENTE DE LAS DICTADURAS","Hacer un lugar desde los bordes del sur: arqueología en Chile, memoria y pasado-presente de las dictaduras"
"Nicolás Salvador Gregorio Angelcos Gutiérrez",1,2024,2024,"SEPAVID","book-chapter","10.4337/9781803923222.00017","Charting youth activism in Chile: Contemporary areas and trends","ORCID","book-chapter","TIT:CHARTING YOUTH ACTIVISM IN CHILE: CONTEMPORARY AREAS AND TRENDS","Charting youth activism in Chile: Contemporary areas and trends"
"Nicolás Salvador Gregorio Angelcos Gutiérrez",1,2024,2024,"ORCID","book-chapter","10.4337/9781800888906.00028","Use and abuse of the ghetto concept in Chilean urban sociology","SEPAVID","book-chapter","TIT:USE AND ABUSE OF THE GHETTO CONCEPT IN CHILEAN URBAN SOCIOLOGY","Use and abuse of the ghetto concept in Chilean urban sociology"
"Nicolás Salvador Gregorio Angelcos Gutiérrez",1,2017,2017,"OpenAlex","journal-article","10.11565/pys.v31i2.127","Pobladores. Luchas sociales y democracia en Chile","OpenAlex","journal-article","10.53689/pys.v31i2.127","Pobladores. Luchas sociales y democracia en Chile"
"Octavio Alejandro Avendaño Pavez",1,2024,2024,"SEPAVID","journal-article","10.1590/0102-469839693","LA SOCIOLOGÍA CHILENA ACTUAL: FORMACIÓN, EGRESO Y EJERCICIO PROFESIONAL","ORCID","journal-article","TIT:LA SOCIOLOGÍA CHILENA ACTUAL: FORMACIÓN, EGRESO Y EJERCICIO PROFESIONAL","La sociología chilena actual: formación, egreso y ejercicio profesional"
"Octavio Alejandro Avendaño Pavez",1,2017,2017,"ORCID","journal-article","10.5354/0717-8883.2017.47174","La Reforma Agraria chilena: entre el gradualismo y la transformación acelerada","OpenAlex","journal-article","10.5354/anuc.v0i12.47174","La Reforma Agraria chilena: entre el gradualismo y la transformación acelerada"
"Octavio Alejandro Avendaño Pavez",0.983,2017,2018,"SEPAVID","book-chapter","10.4324/9781315466491","Together we govern: Portfolio allocation in Chile (1990-2014)","ORCID","book-chapter","TIT:TOGETHER WE GOVERN. PORTAFOLIO ALLOCATION IN CHILE (1990-2014)","Together we govern. Portafolio allocation in Chile (1990-2014)"
"Pablo Alfonso López Alfaro",1,2017,2017,"ORCID","journal-article","10.22201/iisue.24486167e.2017.158.58786","Liderazgo distribuido y aprendizaje de la matemática en escuelas primarias: el caso de Chile","SEPAVID","journal-article","TIT:LIDERAZGO DISTRIBUIDO Y APRENDIZAJE DE LA MATEMÁTICA EN ESCUELAS PRIMARIAS: EL CASO DE CHILE","Liderazgo distribuido y aprendizaje de la matemática en escuelas primarias: El caso de Chile"
"Pablo Alonso Pérez Ahumada",1,2023,2023,"ORCID","journal-article","10.1111/ilr.12408","Labour disputes in contexts of trade union fragmentation and pluralism: An empirical analysis of the case of Chile","SEPAVID","journal-article","TIT:LABOUR DISPUTES IN CONTEXTS OF TRADE UNION FRAGMENTATION AND PLURALISM: AN EMPIRICAL ANALYSIS OF THE CASE OF CHILE","Labour disputes in contexts of trade union fragmentation and pluralism: An empirical analysis of the case of Chile"
"Pablo Eduardo Cabrera Pérez",1,2020,2020,"SEPAVID","journal-article","10.1057/s41282-019-00144-6","Violence, social bond and dream productions: The witness under consideration","ORCID","journal-article","TIT:VIOLENCE, SOCIAL BOND AND DREAM PRODUCTIONS: THE WITNESS UNDER CONSIDERATION","Violence, social bond and dream productions: The witness under consideration"
"Pablo Eduardo Cabrera Pérez",1,2025,2025,"ORCID","journal-article","10.25074/07198051.44.2939","Del homo sacer a la subjetivación: el testimonio como inscripción y el lugar del testigo","ORCID","journal-article","TIT:DEL HOMO SACER A LA SUBJETIVACIÓN: EL TESTIMONIO COMO INSCRIPCIÓN Y EL LUGAR DEL TESTIGO","Del homo sacer a la subjetivación: el testimonio como inscripción y el lugar del testigo"
"Pamela Francisca Jorquera Álvarez",1,2021,2021,"SEPAVID","journal-article","10.1590/s0104-71832021000100012","Vejez y vida cotidiana en tiempos de pandemia: estrategias, decisiones y cambios","ORCID","journal-article","TIT:“VEJEZ Y VIDA COTIDIANA EN TIEMPOS DE PANDEMIA: ESTRATEGIAS, DECISIONES Y CAMBIOS”","“Vejez y vida cotidiana en tiempos de pandemia: estrategias, decisiones y Cambios”"
"Paula Francisca Vidal Molina",1,2019,2019,"SEPAVID","journal-article","10.32735/s0718-6568/2019-n54-1409","El Trabajo bajo el neoliberalismo: subcontratación en una universidad estatal chilena","ORCID","journal-article","TIT:EL TRABAJO BAJO EL NEOLIBERALISMO: SUBCONTRATACIÓN EN UNA UNIVERSIDAD ESTATAL CHILENA","El Trabajo bajo el Neoliberalismo: Subcontratación en una Universidad Estatal chilena"
"Paula Francisca Vidal Molina",1,2018,2019,"OpenAlex","journal-article","10.4067/s0718-50492018000500224","Hugo Chávez y los principios del Socialismo del Siglo XXI: una indagación discursiva (2005-2013)","ORCID","book-chapter","TIT:HUGO CHÁVEZ Y LOS PRINCIPIOS DEL SOCIALISMO DEL SIGLO XXI: UNA INDAGACIÓN DISCURSIVA (2005-2013)","Hugo Chávez y los principios del socialismo del siglo XXI: una indagación discursiva (2005-2013)"
"Paula Francisca Vidal Molina",1,2018,2017,"OpenAlex","journal-article","10.12957/rep.2017.32742","“Desalambrando” histórias: o Serviço Social e as lutas sociais no Chile (1970-1973)","ORCID","journal-article","TIT:DESALAMBRANDO” HISTÓRIAS: O SERVIÇO SOCIAL E AS LUTAS SOCIAIS NO CHILE (1970-1973).","Desalambrando” histórias: o Serviço Social e as lutas sociais no Chile (1970-1973)."
"Paula Francisca Vidal Molina",1,2019,2019,"OpenAlex","journal-article","10.29344/07171714.32.1927","Trabajo Social y luchas populares en Chile: análisis del periodo 1970-1973","OpenAlex","journal-article","10.29344/07171714.32.2025","Trabajo Social y luchas populares en Chile: análisis del periodo 1970-1973"
"Paula Francisca Vidal Molina",0.944,2019,2019,"ORCID","book-chapter","TIT:NEOLIBERALISMO Y NEODESARROLLISMO EN LATINOAMÉRICA: ENCUENTROS Y DESENCUENTROS IDEOLÓGICOS ENTRE LOS GOBIERNOS DE BACHELET-PIÑERA Y LULA-DILMA ROUSSEFF (2005-2013)","Neoliberalismo y neodesarrollismo en Latinoamérica: encuentros y desencuentros ideológicos entre los gobiernos de Bachelet-Piñera y Lula-Dilma Rousseff (2005-2013)","ORCID","book-chapter","TIT:NEOLIBERALISMO Y NEODESARROLLISMO EN LATINOAMÉRICA: ENCUENTROS Y DESENCUENTROS IDEOLÓGICOS ENTRE LOS GOBIERNOS DE BACHELET-PIÑERA Y LULA DILMA (2005-2013)","Neoliberalismo y Neodesarrollismo en Latinoamérica: encuentros y desencuentros ideológicos entre los gobiernos de Bachelet-Piñera y Lula Dilma (2005-2013)"
"Paulina Isabel Osorio Parraguez",1,2018,2018,"ORCID","book-chapter","10.1332/policypress/9781447340911.003.0006","After the earthquake: narratives of resilience, re-signification of fear and revitalisation of local identities in rural communities of Paredones, Chile","SEPAVID","book-chapter","TIT:AFTER THE EARTHQUAKE: NARRATIVES OF RESILIENCE, RE-SIGNIFICATION OF FEAR AND REVITALISATION OF LOCAL IDENTITIES IN RURAL COMMUNITIES OF PAREDONES, CHILE","After the earthquake: Narratives of resilience, re-signification of fear and revitalisation of local identities in rural communities of paredones, Chile"
"Rodolfo Jorge Patricio Sapiains Arrué",1,2017,2017,"OpenAlex","journal-article","10.16888/i.v34i1.280","Contribuciones de la Psicología al abordaje de la dimensión humana del cambio climático en Chile (Primera parte)","OpenAlex","journal-article","10.16888/interd.2017.34.1.6","Contribuciones de la Psicología al abordaje de la dimensión humana del cambio climático en Chile (Primera parte)"
"Rodrigo Andrés Nanjari Miranda",1,2022,2021,"ORCID","journal-article","10.5027/jmh-vol19-issue2(2022)art142","Proyecto de ley para estimular la actividad física y el deporte en los establecimientos educacionales: un desafío real postpandemia.","ORCID","journal-article","TIT:PROYECTO DE LEY PARA ESTIMULAR LA ACTIVIDAD FÍSICA Y EL DEPORTE EN LOS ESTABLECIMIENTOS EDUCACIONALES: UN DESAFÍO REAL POSTPANDEMIA.","Proyecto de ley para estimular la actividad física y el deporte en los establecimientos educacionales: un desafío real postpandemia."
"Rodrigo Anselmo Asun Inostroza",1,2018,2017,"ORCID","journal-article","10.31619/caledu.n47.33","Validación de la escala de creencias de eficacia en la enseñanza de la matemática (ECEEM) y caracterización de las creencias de estudiantes de pedagogía básica","SEPAVID","journal-article","10.4067/s0718-45652017000200145","Validación de la escala de creencias de eficacia en la enseñanza de la matemática (ECEEM) y caracterización de las creencias de estudiantes de pedagogía básica"
"Rodrigo Carlos Cornejo Chávez",1,2017,2017,"SEPAVID","journal-article","10.5354/0719-0581.2017.46693","Concepciones sobre docencia en el nuevo marco regulatorio del sistema escolar chileno","OpenAlex","journal-article","10.5354/rdp.v26i1.46693","Concepciones sobre docencia en el nuevo marco regulatorio del sistema escolar chileno"
"Rodrigo Carlos Cornejo Chávez",1,2016,2016,"ORCID","journal-article","10.4067/s0717-554x2016000200001","SUBJECTIVITY, REALITY AND DISCOURSE, BEYOND STRUCTURALIST DETERMINISM AND SOCIAL CONSTRUCTIONISM","SEPAVID","journal-article","TIT:SUBJECTIVITY, REALITY AND DISCOURSE, BEYOND STRUCTURALIST DETERMINISM AND SOCIAL CONSTRUCTIONISM","Subjectivity, reality and discourse, beyond structuralist determinism and social constructionism"
"Sergio Alejandro Toro Arévalo",1,2017,2017,"OpenAlex","journal-article","10.29181/2594-6463-2017-v1-n1-p78-90","Motricidad, en-acción y fenomenología: la articulación conceptual de la existencia","OpenAlex","journal-article","10.29181/2594-6463.2017.v1.n1.p78-90","Motricidad, en-acción y fenomenología: la articulación conceptual de la existencia"
"Sergio Alejandro Toro Arévalo",1,2019,2019,"OpenAlex","journal-article","10.29181/2594-6463-2019-v3-n1-p3-16","Procesos educativos vivenciados por cicloactivistas en la promoción del ciclismo urbano","OpenAlex","journal-article","10.29181/2594-6463.2019.v3.n1.p3-16","Procesos educativos vivenciados por cicloactivistas en la promoción del ciclismo urbano"
"Sofía Catalina Donoso Knaudt",1,2024,2023,"SEPAVID","journal-article","10.12804/revistas.urosario.edu.co/desafios/a.14415","What Role do Political Parties Play in Social Protests? Recent Trends in Argentina and Chile","SEPAVID","journal-article","10.6092/issn.1971-8853/16816","What Role Do Political Parties Play in Social Protests? Recent Trends in Argentina and Chile"
"Sofía Catalina Donoso Knaudt",1,2023,2023,"ORCID","book-chapter","10.1093/oxfordhb/9780190870362.001.0001","Student movements in Latin America: Pushing the education agenda and beyond","SEPAVID","book-chapter","10.1093/oxfordhb/9780190870362.013.19","Student Movements in Latin America Pushing the Education Agenda and Beyond"
"Sofía Catalina Donoso Knaudt",1,2020,2020,"ORCID","journal-article","10.15173/glj.v11i1.4217","Social Protests in Chile: Inequalities and other Inconvenient Truths about Latin America's Poster Child","ORCID","journal-article","TIT:SOCIAL PROTESTS IN CHILE: INEQUALITIES AND OTHER INCONVENIENT TRUTHS ABOUT LATIN AMERICA'S POSTER CHILD","Social Protests in Chile: Inequalities and Other Inconvenient Truths about Latin America's Poster Child"
"Svenska Arensburg Castelli",1,2017,2017,"SEPAVID","journal-article","10.5354/0719-0581.2017.46689","Malestar y género: una aproximación a la experiencia onírica de jóvenes chilenos","OpenAlex","journal-article","10.5354/rdp.v26i1.46689","Malestar y género: una aproximación a la experiencia onírica de jóvenes chilenos"
"Tal Reininger Pollak",1,2023,2023,"ORCID","book-chapter","10.4337/9781800378421.00035","The role of social work in the delivery of conditional cash transfer programmes: lessons from Chile","SEPAVID","book-chapter","TIT:THE ROLE OF SOCIAL WORK IN THE DELIVERY OF CONDITIONAL CASH TRANSFER PROGRAMMES: LESSONS FROM CHILE","The role of social work in the delivery of conditional cash transfer programmes: Lessons from Chile"
"Tal Reininger Pollak",1,2021,2021,"OpenAlex","journal-article","10.53689/int.v10i2.97","Trabajadores y trabajadoras sociales de primera línea frente al COVID-19. Continuidades y transformaciones en Chile","ORCID","journal-article","TIT:TRABAJADORES Y TRABAJADORAS SOCIALES DE PRIMERA LÍNEA FRENTE AL COVID-19. CONTINUIDADES Y TRANSFORMACIONES EN CHILE","Trabajadores y trabajadoras sociales de primera línea frente al COVID-19. Continuidades y transformaciones en Chile"
"Vanetza Estela Quezada Scholz",1,2020,2020,"SEPAVID","journal-article","10.7714/cnps/14.1.202","Fear and psychopathology: the hidden threat of Covid-19","ORCID","journal-article","TIT:FEAR AND PSYCHOPATHOLOGY: THE HIDDEN THREAT OF COVID-19","Fear and psychopathology: the hidden threat of Covid-19"
"Vanetza Estela Quezada Scholz",1,2024,2024,"SEPAVID","journal-article","10.7714/cnps/18.3.201","FEAR OF COVID-19 IN THE CHILEAN POPULATION: PREDICTORS AND FUTURE DIRECTION","ORCID","journal-article","TIT:FEAR OF COVID-19 IN THE CHILEAN POPULATION: PREDICTORS AND FUTURE DIRECTION","FEAR OF COVID-19 IN THE CHILEAN POPULATION: PREDICTORS AND FUTURE DIRECTION"
"Vanetza Estela Quezada Scholz",0.988,2024,2024,"SEPAVID","journal-article","10.4303/jdar/236300","Anxiety-like Behavior Increases after Recent, but not Prenatal, Cannabis Exposure","ORCID","journal-article","TIT:ANXIETY-LIKE BEHAVIOUR INCREASES AFTER RECENT, BUT NOT PRENATAL, CANNABIS EXPOSURE","Anxiety-like Behaviour Increases after Recent, but not Prenatal, Cannabis Exposure"
"Víctor Alfredo Orellana Bravo",1,2019,2019,"ORCID","journal-article","10.29344/07171714.32.1927","Trabajo Social y luchas populares en Chile: análisis del periodo 1970-1973","OpenAlex","journal-article","10.29344/07171714.32.2025","Trabajo Social y luchas populares en Chile: análisis del periodo 1970-1973"
