"nombre_completo","anio","revista","titulo"
"Andre Menard Poupin",2018,"Aisthesis","On value and archive: Chilean coins and Mapuche jewelry,Sobre el valor y el archivo: Monedas Chilenas y Platería Mapuche"
"Andrea Peroni",2019,"Revista Estado Gobierno y Gestión Pública","“Juntos Más Seguros”."
"Andrés Rolando Troncoso Meléndez",2016,"Boletin del Museo Chileno de Arte Precolombino","Rock art paintings in the semiarid north of Chile: A first physical and chemical approach from the limari’s river basin,Pinturas rupestres en el norte semiárido de Chile: Una primera aproximación físico-quimica desde la cuenca del río limarí (30° Lat. S)"
"Andrés Rolando Troncoso Meléndez",2016,"Intersecciones en Antropologia","The art of Paradox: Technology, incisions, superimpositions, and transformations in the rock art of the semiarid north of Chile,El arte de la paradoja: Tecnología, incisiones, superposiciones y transformaciones en el arte rupestre del Norte Semiárido de Chile"
"Andrés Rolando Troncoso Meléndez",2018,"Intersecciones en Antropologia","Hunter-gatherers of the middle and late Holocene in North Central Chile: Roca FÉrtil rockshelter (30° s),Cazadores-recolectores del holoceno medio y tardío en el Centro Norte de Chile: Alero Roca Fértil (30° lat. s)"
"Carla María Pinochet Cobos",2021,"Revista de Estudios Sociales","La crisis COVID en el sector cultural chileno: estrategias de acción colectiva y políticas culturales desde abajo"
"Carlos Alejandro Andrade Guzmán",2021,"EHQUIDAD. Revista Internacional De Políticas De Bienestar Y Trabajo Social","Uso del inglés en programas de Doctorado en Trabajo Social en Estados Unidos. Un estudio de caso ilustrativo de la hegemonía idiomática"
"Carlos Alejandro Andrade Guzmán",2022,"EHQUIDAD. Revista Internacional De Políticas De Bienestar Y Trabajo Social","Cuidando a mayores en Chile. Explorando las vivencias de hombres cuidadores de personas dependientes"
"Carlos Alejandro Andrade Guzmán",2023,"EHQUIDAD. Revista Internacional De Políticas De Bienestar Y Trabajo Social","Educación en Trabajo Social y elementos explicativos de la formación disciplinar en campo en el contexto de COVID-19. Lecciones desde la Universidad de Cádiz"
"Carolina Andrea Belmar Pantelis",2017,"Estudios Atacamenos","Coocking intercultural relations: Adhered residues in ceramic vessels from the marine hunter gatherers of the atacama desert (formative period, northern Chile),Cocinando relaciones interculturales: Residuos adheridos en vasijas cerámicas de cazadores recolectores marinos del desierto de atacama (período formativo, norte de Chile)"
"Carolina Andrea Belmar Pantelis",2017,"Estudios Atacamenos","Pequeñas tumbas en la colina: Aportes al conocimiento del período alfarero temprano en El valle de Mauro (31° s) desde la funebria"
"Catalina Arteaga Aguirre",2017,"Sociológica","The Diversity of Positional Experiences in the Context of Transformations of Chile’s Social Structure"
"Catalina Arteaga Aguirre",2021,"Polis (Santiago)","Resistance practices in a pandemic. Intersectional views"
"Caterine Joanna Galaz Valderrama",2016,"Forum: Qualitative Social Research","Differences, hierarchies, subalternity: effects of domination in intervention practices towards migrant women // Diferencias, jerarquías, subalternidad: efectos de dominación en las prácticas de intervención hacia mujeres migrantes"
"Caterine Joanna Galaz Valderrama",2016,"Forum Qualitative Sozialforschung","Differences, Hierarchies, Subalternity: Discourses and Practices of Interventions for Immigrant Women,Diferencias, jerarquías, subalternidad: Discursos y prácticas de intervención hacia mujeres inmigradas"
"Caterine Joanna Galaz Valderrama",2017,"Acciones e  Investigaciones sociales","Public policies and health regarding immigration: Critical points in the accessibility of the Chilean public system // Políticas públicas y salud en materia de inmigración: Puntos críticos en la accesibilidad del sistema público chileno"
"Caterine Joanna Galaz Valderrama",2017,"Revista CLAD","The exclusion operations of immigrants through public policies in Chile // Las operaciones de exclusión de personas inmigradas a través de las políticas públicas en Chile"
"Caterine Joanna Galaz Valderrama",2017,"Psicoperspectivas","Narrative productions as feminist research methodology in Critical Social Psychology: Tensions and challenges,Las producciones narrativas como metodología de investigación feminista en Psicología Social Crítica: Tensiones y desafíos"
"Caterine Joanna Galaz Valderrama",2017,"Universitas Psychologica","Psychosocial interventions and their effects on the trajectory of immigrant women in Chile,Intervenciones psicosociales y sus efectos en la trayectoria de mujeres inmigradas en Chile"
"Caterine Joanna Galaz Valderrama",2017,"Reforma y Democracia","The operations of exclusion of immigrated people through public policies in Chile,Las operaciones de exclusión de personas inmigradas a través de las políticas públicas en Chile"
"Caterine Joanna Galaz Valderrama",2018,"Diálogo Andino","Daughters and sons of migrants in Chie: rights from a social inclusion perspective // Hijas e hijos de migrantes en Chie: derechos desde una perspectiva de inclusión social"
"Caterine Joanna Galaz Valderrama",2018,"Revista de Trabajo Social","Possibilities and limits for social inclusion: Profiles and paths of settlement of the Dominican population in Chile // Posibilidades y límites para la inclusión social: Perfiles y vías de instalación de la población dominicana en Chile"
"Caterine Joanna Galaz Valderrama",2018,"Revista Psicoperspectivas","LGTBI rights in Chile: Tensions in the constitution of sexualized otherities //Derechos LGTBI en Chile: Tensiones en la constitución de otredades sexualizadas"
"Caterine Joanna Galaz Valderrama",2018,"Psicoperspectivas","Sexual and gender diversities: Logics and uses in public action. //Diversidades sexuales y de género: Lógicas y usos en la acción pública."
"Caterine Joanna Galaz Valderrama",2018,"Estudios Pedagógicos","Openings and closures for the educational inclusion of migrant children in Chile // Aperturas y cierres para la inclusión educativa de niños/as migrantes en Chile"
"Caterine Joanna Galaz Valderrama",2021,"Polis","Resistance practices in a pandemic. Intersectional views // Prácticas de resistencia en pandemia. Miradas interseccionales"
"Caterine Joanna Galaz Valderrama",2021,"Antípoda. Revista de Antropología y Arqueología","Chain of favors and payments: relations of transnational debt of the population // Cadena de favores y pagos: relaciones de endeudamiento transnacional de la población haitiana residente en Quilicura, Santiago de Chile"
"Caterine Joanna Galaz Valderrama",2022,"Punto Género","Tactics of resistance of lesbian, bisexual and trans women against institutional violence// Tácticas de resistencia de mujeres lesbianas, trans y bisexuales (LBT) frente a violencias institucionales"
"Caterine Joanna Galaz Valderrama",2025,"Psicologia & Sociedade","Repensando la accesibilidad en la investigación en discapacidad desde las epistemologías feministas"
"Christian Esteban Miranda Jaña",2020,"Revista de Estudios y Experiencias en Educación","Uso educativo de TIC en un salón Montessori: diálogo entre la tecnología digital y los ritos de interacción social en el aula"
"Claudio Orlando Duarte Quapper",2018,"Última Década","Última década como una revista espejo del campo de estudios en juventudes. Entrevista a Óscar Dávila León"
"Claudio Orlando Duarte Quapper",2019,"Última Década","Adultocentrismo en la reproducción de imaginarios en la investigación social chilena sobre lo juvenil"
"Claudio Orlando Duarte Quapper",2020,"Última Década","Imaginación sociológica para estudiar juventudes Autores/as"
"Cristian Esteban Radiszcz Sotomayor",2019,"Dilemas","Subjects of law or subject to development? crime and juvenile punishment in Chilean criminal justice system,¿Sujetos de derecho o sujetos al desarrollo? Crimen y castigo juvenil en la justicia penal chilena"
"Daniel Fernando Johnson Mardones",2024,"Interciencia","LINGUISTIC REVITALIZATION: DESIGN, IMPLEMENTATION AND EVALUATION OF AN INTERVENTION PROGRAM FOR MAPUCHE YOUTH,REVITALIZACIÓN LINGÜÍSTICA: DISEÑO, IMPLEMENTACIÓN Y EVALUACIÓN DE UN PROGRAMA DE INTERVENCIÓN PARA JÓVENES MAPUCHE"
"Daniel Osvaldo Quiroz Larrea",2016,"Magallania","Stranded whales processing in the western Patagonian shores [From an engraving of mid-nineteenth century],El procesamiento de ballenas varadas en las costas de la patagonia occidental [A propósito de un grabado de mediados del siglo XIX]"
"Daniel Osvaldo Quiroz Larrea",2017,"Antípoda. Revista de Antropología y Arqueología","Narrativas etnográficas sobre ballenas y balleneros en las costas de Chile"
"Decio Alberto Mettifogo Guerrero",2019,"Revista Criminalidad","Criminal desistance in Chilean women who have been deprived of liberty,Desistimiento delictual en mujeres chilenas que han estado privadas de libertad"
"Emiliano Nicolás Gissi Barbieri",2017,"Revista Austral de Ciencias Sociales, Nº32.","“El Estado chileno, los lafkenche y la Ley 20.249: ¿Indigenismo o política del reconocimiento?”"
"Emiliano Nicolás Gissi Barbieri",2018,"Chungara. Revista de Antropología Chilena, Vol. 50, N°4.","“Fronteras internas y hegemonías predicativas en Chile: el caso de la Patagonia”"
"Emiliano Nicolás Gissi Barbieri",2018," Si Somos Americanos. Revista de Estudios Transfronterizos. Vol. 18, N°1.","“Trayectorias de Género en la Migración Sur-Sur de Mujeres Mexicanas Calificadas en Santiago de Chile”,"
"Emiliano Nicolás Gissi Barbieri",2020,"Antípoda. Revista de Antropología y Arqueología, 38.","“¿Incorporación social de migrantes colombianos en Chile?: vulnerabilidad y lucha por el reconocimiento”"
"Emiliano Nicolás Gissi Barbieri",2021,"Antípoda. Revista de Antropología y Arqueología, 43.","“Migraciones transnacionales en contextos latinoamericanos: experiencias, prácticas y dis-continuidades en la creación de futuros posibles”"
"Emiliano Nicolás Gissi Barbieri",2021,"Desenvolvimento e Meio Ambiente, 58.","“Patagonia chilena: conflictos territoriales y procesos de conservación ambiental en el siglo XXI”"
"Emiliano Nicolás Gissi Barbieri",2022,"Revista CIDOB d’Afers Internacionals, nº 130.","“Odisea en un mar de tierra: migraciones venezolanas en Brasil, Uruguay y Paraguay”"
"Erika Viviana del Carmen Soto Aranda",2023,"Revista Estudios Pedagógicos","Aproximaciones a una pedagogía del juego como perspectiva crítica en y con los sujetos"
"Fabiola Valeska Maldonado García",2024,"Interciencia","LINGUISTIC REVITALIZATION: DESIGN, IMPLEMENTATION AND EVALUATION OF AN INTERVENTION PROGRAM FOR MAPUCHE YOUTH/ REVITALIZACION LINGUISTICA: DISENO, IMPLEMENTACION Y EVALUACION DE UN PROGRAMA DE INTERVENCION PARA JOVENES MAPUCHE/REVITALIZACAO LINGUISTICA: DESENHO, IMPLEMENTACAO E AVALIACAO DE UM PROGRAMA DE INTERVENCAO PARA JOVENS MAPUCHE"
"Fabiola Valeska Maldonado García",2025,"Interciencia","BORDER PEDAGOGIES. A THEORETICAL FRAMEWORK TO STUDY THE SCHOOL EXCLUSION EXPERIENCED BY CLIMATE MIGRANT CHILDREN"
"Francisca Sofía Pérez Cortés",2016,"Revista Argentina de Psicología Clínica","Sintomatología depresiva, estrés parental y funcionamiento familiar"
"Francisca Sofía Pérez Cortés",2016,"Revista Argentina De Clinica Psicologica","Depressive symptoms, parental stress and family functioning,Sintomatología depresiva, estrés parental y funcionamiento familiar"
"Gianinna Inés Muñoz Arce",2017,"Trabajo Social Global","La relación entre investigación e intervención social: Voces desde el trabajo social chileno"
"Gianinna Inés Muñoz Arce",2017,"Intervención","El desafío de examinar las lógicas de intervención social hoy"
"Gianinna Inés Muñoz Arce",2018,"Intervención","Intervención social y el territorio como clave de aproximación"
"Gianinna Inés Muñoz Arce",2018,"Intervención","María Isabel Llanos trabajadora social, Superintendencia de Servicios Sanitarios"
"Gianinna Inés Muñoz Arce",2018,"Intervención","El lugar de enunciación y estrategias de intervención social: Nudos críticos en el abordaje integral de fenómenos sociales complejos"
"Gianinna Inés Muñoz Arce",2018,"Intervención","Trabajo interprofesional en Chile: neoliberalismo y la producción de subjetividades profesionales críticas"
"Gianinna Inés Muñoz Arce",2020,"Rumbos TS","Trabajo interprofesional en Chile"
"Gianinna Inés Muñoz Arce",2022,"Asparkía","La sostenibilidad de la vida y la ética del cuidado: análisis y propuestas para imaginar la intervención de los programas sociales en Chile"
"Gianinna Inés Muñoz Arce",2025,"Journal of Social Work","Profiles of professional resistance in street-level bureaucracy programs. A quantitative-multidimensional typology"
"Hugo Rodrigo Cadenas Ramos",2016,"Espacio Abierto","Naturaleza y contingencia en la familia moderna"
"Hugo Rodrigo Cadenas Ramos",2020,"Simbiótica. Revista Eletrônica","El sistema de la pandemia: apuntes sociológicos"
"Héctor Freddy Morales Morgado",2016,"Estudios Atacameños","Mining and interethnic relations in Atacama"
"Héctor Freddy Morales Morgado",2016,"Estudios Atacameños","Atacama ethnopolitics: Axes of diversity"
"Héctor Freddy Morales Morgado",2019,"Diálogo Andino","From the Family Journey to the Grandotes: Goods, Community, and the Border in the 20th Century Atacameña"
"Héctor Freddy Morales Morgado",2023,"Diálogo Andino","Soccer and Ethnicity in an Ayllu of San Pedro de Atacama: Huracán de Séquitor Sports Club."
"Héctor Freddy Morales Morgado",2024,"Diálogo Andino, (75), 109-130.","Ethnography of the emergence and development of tourism in an ethnic space. The case of San Pedro de Atacama, northern Chile (1950-2022)."
"Héctor Freddy Morales Morgado",2024,"Diálogo Andino","Community tourism: a new alternative for indigenous development"
"Isabel Piper Shafir",2025,"Ciencia Nueva, revista de Historia y Política","Violencias biopolíticas y prácticas de resistencias de comunidades precordilleranas de la región de Los Ríos, Chile"
"Ivette González Sarkis",2025,"Spirat. Revista Académica de Docencia y Gestión Universitaria","Repensando la evaluación en Psicología: Una experiencia de innovación y reflexividad docente"
"Javiera Andrea Cubillos Almendra",2018,"Si Somos Americanos. Revista de Estudios Transfronterizos","The Migrant Human Library: Use of the public space and the shifting meaning of the migratory process"
"Javiera Andrea Cubillos Almendra",2022,"Revista Punto Género","Living Blackness in Chilean Agricultural Territory: Discrimination against Afro-descendant Women in Talca, Maule"
"Johanna de Lourdes Madrigal Calderón",2024,"Intervención","(DES) COORDINACIÓN DE LA OFERTA: OBSERVACIÓN DE ESTRATEGIAS PARA ABORDAR LA VIOLENCIA EN EL POLOLEO CON JUVENTUDES DE PUERTO AYSÉN"
"Jorge Fabián Cabaluz Ducasse",2021,"Revista Izquierdas","Pedagogía para la “revolución”. Reflexiones pedagógicas de Clara Zetkin durante los años 1891 y 1914."
"Jorge Fabián Cabaluz Ducasse",2021,"Izquierdas","Critical pedagogies without Marxism? Bibliographic balance of educational topics in left-wing Latin American journals,¿Pedagogías críticas sin marxismo? Balance bibliográfico de temas educativos en revistas latinoamericanas de izquierdas"
"Lelya Elena Troncoso Pérez",2021,"Propuestas Críticas en Trabajo Social - Critical Proposals in Social Work","Posibilidades y límites de la intervención pública dirigida a personas LGTB+ en Chile"
"Lorena Andrea Pérez Roa",2019,"Aposta. Revista de Ciencias Sociales","Emprendedores por necesidad: el emprendimiento como estrategia de pago de deudas en un contexto precariedad laboral"
"Loreto Evelyn Leiva Bahamondes",2019,"Revista Iberoamericana de Diagnostico y Evaluacion Psicologica","Detecting emotional and behavioral difficulties in school: validation of psc-17,Detectando las dificultades emocionales y conductuales en la escuela: validacion de psc-17"
"Marcela Patricia Ferrer Lues",2017,"Studies in health technology and informatics","The Meaning of Patient Empowerment in the Digital Age: The Role of Online Patient-Communities."
"Marcela Patricia Ferrer Lues",2018,"Studies in health technology and informatics","Patients' Perception of Privacy of Personal Data, Shared in Online Communities: Are We in the Presence of a Paradox?"
"Mario Arturo Laborda Rojas",2016,"Cuadernos de Neuropsicología","Crónica del Laboratorio de Psicología Experimental: Prof. Ronald Betancourt Mainhard (1999-2016)"
"Mario Arturo Laborda Rojas",2017,"Cuadernos de Neuropsicología","Alucinaciones visuales y cognición en la deficiencia visual"
"Mario Arturo Laborda Rojas",2017,"International Journal of Psychology and Psychological Therapy","Modelo Texas Christian University para evaluación y tratamiento de trastornos por uso de sustancias"
"Mario Arturo Laborda Rojas",2017,"Revista Mexicana de Psicologia","The effect of massive extinction trials on the recovery of human fear conditioning"
"Mario Arturo Laborda Rojas",2018,"International Journal of Psychology and Psychological Therapy","Extinction cues do not reduce recovery of extinguished conditioned fear in humans"
"Mario Arturo Laborda Rojas",2018,"Revista de Psicología","La historia de la psicología en América Latina: editorial"
"Mario Arturo Laborda Rojas",2018,"Revista de Psicología","Principales indicadores bibliométricos de la Revista de Psicología (1990-2016)"
"Marisol Yazmín Ximena Facuse Muñoz",2019,"Anales de la Universidad de Chile","Migración y ciudad. Transformaciones y nuevas sociabilidades en la ciudad intermedia a partir de la llegada de comunidades migrantes"
"Marisol Yazmín Ximena Facuse Muñoz",2022,"El oído pensante","La cuestión de la autenticidad en las músicas migrantes"
"María Emilia Tijoux Merino",2018,"Acta Sociológica","Sociological reflections for the study of the social interactions of children of immigrants in schools and colleges in the extreme north of Chile"
"María Emilia Tijoux Merino",2019,"Interciencia","Children of immigrants in arica and parinacota, Chile: Methodological proposal for the study of their daily life in schools,Niños y niñas hijos de inmigrantes en arica y parinacota, Chile: Propuesta metodológica para el estudio de su vida cotidiana en las escuelas"
"María Emilia Tijoux Merino",2022,"Interdisciplinaria","Being a Haitian patient in Chile and experiencing racism in centers of the public health network | Ser paciente haitiano/a en Chile y vivir el racismo en centros de la red pública de salud"
"María Emilia Tijoux Merino",2025,"Cuadernos de Teoría Social, Cuentistas sociales o por qué las ciencias sociales necesitan volver a contar historias","Telling in order to tell and understand social suffering. The heuristic power of the life story"
"María Emilia Tijoux Merino",2025,"Revista Alpha","The border as a de-subjectivizing device in Chile: the production of the migrant form"
"María Gabriela Rubilar Donoso",2019,"Psicoperspectivas","Sobre el futuro: Narrativas laborales de estudiantes de liceos técnico-profesionales en tres claves de desigualdad"
"María Gabriela Rubilar Donoso",2024,"Revista Prisma Social","Derecho a la memoria e “identidades” de la muerte en calle"
"María Isabel Cartajena Fasting",2019,"Archaeofauna","Una aproximación desde la fauna del templete Tulán-54 (Salar de Atacama, Chile) a los nichos en la arquitectura durante inicios del Formativo (ca. 3.300-2.400 AP)"
"María Isabel Cartajena Fasting",2021,"Quaternary International","A multi-proxy reconstruction of depositional environment of a Late Pleistocene submerged site from the Central Coast of Chile (32°S): Implications for drowned sites"
"María Isabel Cartajena Fasting",2022,"Latin American Antiquity","El manejo territorial de los camélidos en la circumpuna de Atacama desde el Arcaico al Formativo (10.000-2400 aP): Una aproximación isotópica y taxonómica"
"María Isabel Cartajena Fasting",2023,"Latin American Antiquity","Cronología, Tecnología y Subsistencia de los Cazadores-Recolectores de Principios del Holoceno Medio (Ca. 8.000 – 5.500 Cal Ap) en la Cuenca Superior del Río Loa (Puna De Atacama, Andes Centro-Sur)"
"María Soledad Ruiz Jabbaz",2016,"Psicoperspectivas","La subjetividad del investigador en terreno: sistematización de una experiencia reflexiva de inmersión etnográfica"
"María Soledad Ruiz Jabbaz",2022,"Revista de Ciencias Sociales","Estrategias de enfrentamiento de la estigmatización territorial en un barrio segregado."
"Mónica Clara Manhey Moreno",2017,"Enfoques Educacionales ","Observar a los niños y niñas es aprender de ellos."
"Mónica Clara Manhey Moreno",2022,"Interciencia","Construir la identidad profesional Docente desde las Relaciones Interculturales"
"Nicolás Salvador Gregorio Angelcos Gutiérrez",2017,"Psicoperspectivas","Violence and tactics in the processes of women's integration into copper mining in Chile,Violencia y táctica en los procesos de integración de las mujeres a la minería del cobre en Chile"
"Nicolás Salvador Gregorio Angelcos Gutiérrez",2019,"Izquierdas","""Only in the people we trust"": The moral structure of the Chilean urban poor's radical political discourse in the Partido Igualdad,Sólo en el pueblo confiamos: La estructura moral del discurso político radical de los pobladores en el Partido Igualdad"
"Nicolás Salvador Gregorio Angelcos Gutiérrez",2020,"Izquierdas","Satisfaction and recognition in precarious occupations: The case of waste collectors in Chile,Satisfacción y reconocimiento en ocupaciones precarias: El caso de los recolectores de basura en Chile"
"Octavio Alejandro Avendaño Pavez",2024,"Perfiles Latinoamericanos (WoS. ISSN: 0188-7653). Vol. 32. Nº 64. ","Grupos de interés y cambios en la normativa hídrica chilena"
"Octavio Alejandro Avendaño Pavez",2024,"Educação em Revista (Scielo. ISSN: 1982-6621 On-line)","La sociología chilena actual: formación, egreso y ejercicio profesional"
"Octavio Alejandro Avendaño Pavez",2024,"Latin American Perspective (WoS). ","Productive Modernization and Challenges for Chilean Peasant Agriculture during the face of Post Agrarian-Reform"
"Octavio Alejandro Avendaño Pavez",2025,"Ciencia Nueva, revista de Historia y Política","Reforma agraria y movimiento campesino en experiencias nacional-populistas"
"Pablo Eduardo Cabrera Pérez",2023,"Política y Sociedad","Desobediencia en situaciones extremas: trayectorias de militares disidentes durante y posterior a la dictadura cívico militar chilena (1973-1989)"
"Paula Andrea Vergara Henríquez",2017,"Revista Argentina de Clínica Psicológica ","Cambio psicoterapéutico en niños/as y adolescentes desde el enfoque constructivista evolutivo: evaluación de un caso"
"Paula Francisca Vidal Molina",2018,"Izquierdas","Hugo Chávez and the principles of Socialism of the 21st Century: A discursive inquiry (2005-2013),Hugo Chávez y los principios del Socialismo del Siglo XXI: Una indagación discursiva (2005-2013)"
"Paula Francisca Vidal Molina",2018,"Istoriya","Social Rights Consecrated by the Russian Revolution and the Vision of Luis Emilio Recabarren a New Model of Development"
"Paula Francisca Vidal Molina",2019,"Convergencia. Revista de Ciencias Sociales","Ciudadanía en tiempos del Capital. Una crítica desde la tradición marxiana"
"Paula Francisca Vidal Molina",2022,"Revista Izquierdas ","Derroteros de Marx en el marxismo chileno. Notas sobre Marta Harnecker y Osvaldo Fernández"
"Paula Francisca Vidal Molina",2022,"Revista Austral De Ciencias Sociales","Entre neoliberalismos y Buen Vivir: análisis crítico de los discursos de posesión presidencial en los casos de Ecuador, Bolivia, Chile y Brasil (2013-2016)."
"Paula Francisca Vidal Molina",2022,"Izquierdas","Ways of Marx in Chilean Marxism. Notes on Marta Harnecker and Osvaldo Fernandez,Derroteros de Marx en el marxismo chileno. Notas sobre Marta Harnecker y Osvaldo Fernández."
"Paulina Isabel Osorio Parraguez",2022,"Revista Mexicana de Sociología","Life course and families of centenarian women in Chile/ Curso de vida y familias de mujeres centenarias en Chile"
"Paulina Isabel Osorio Parraguez",2023,"Revista Prisma Social, (42), 142–169","STUDIES ON THE DIVERSITY OF AGING IN LATIN AMERICA AND THE CARIBBEANSYSTEMATIZED REVIEW IN FOUR CROSSES/ Estudios sobre la diversidad de los envejecimientos en América Latina y el Caribe: Revisión sistematizada en cuatro cruces"
"Roberto Eduardo Aceituno Morales",2023,"Multitudes","Re-inscriptions of fear in Chile,Réinscriptions de la peur au Chili"
"Rodolfo Jorge Patricio Sapiains Arrué",2017,"Interdisciplinaria","Psychology's contributions to address the human dimensions of climate change in Chile (first part),Contribuciones de la psicología al abordaje de la dimensión humana del cambio climático en Chile (primera parte)"
"Rodolfo Jorge Patricio Sapiains Arrué",2017,"Interdisciplinaria","Psychology's contributions to address the human dimensions of climate change in Chile (second part),Contribuciones de la psicología al abordaje de la dimensión humana del cambio climático en Chile (segunda parte)"
"Rodrigo Carlos Cornejo Chávez",2023,"Educação & Sociedade","Bienestar Ocupacional Docente y Rendición de Cuentas de Alto Impacto"
"Susan Valeria Sanhueza Henríquez",2018,"Revista electrónica de investigación educativa","The teaching and learning process in mathematics. Perceptions of future teachers in southern Chile"
"Susan Valeria Sanhueza Henríquez",2021,"Interciencia","Intercultural sensitivity of students and its relationship with the attitude and teaching style of teachers vis a vis cultural diversity,Sensibilidade intercultural dos alunos e sua relaÇÃo com a atitude e estilo de ensino dos professores diante da diversidade cultural,Sensibilidad intercultural en el alumnado y su relaciÓn con la actitud y estilo docente del profesorado ante la diversidad cultural"
"Susan Valeria Sanhueza Henríquez",2022,"Interciencia","Life trajectories of young offenders and educational response of the National Service for Minors in Chile"
"Tal Reininger Pollak",2017,"Revista Intervención","Claves de lectura para un Trabajo Social critico desde Jane Addams"
"Teresita Elizabeth del Carmen Matus Sepúlveda",2024,"Cinta de Moebio","Las ciencias sociales latinoamericanas en un régimen universitario gerencial"
"Vanetza Estela Quezada Scholz",2017,"Revista Mexicana de Psicologia","The effect of massive extinction trials on the recovery of human fear conditioning"
"Vanetza Estela Quezada Scholz",2019,"Revista Mexicana de Psicología","State anxiety could increase discrimination in human fear conditioning"
"Vanetza Estela Quezada Scholz",2020,"Cuadernos  de  Neuropsicología/Panamerican  Journal  of  Neuropsychology","Fear and psychopathology: the hidden threat of Covid-19"
